﻿신설동방면,청량리방면,신설동방면,청량리방면
평일,평일,주말,주말
05:13첫,05:37첫,05:13첫,05:37첫
광운대인천,구로동두천,광운대인천,구로동두천
5:20,5:41,5:25,5:41
창동인천,서울역의정부,광운대인천,서울역의정부
05:25첫,5:47,05:37첫,5:49
광운대서동탄,구로청량리,광운대서동탄,서울역양주
5:42,5:52,5:43,05:57첫
의정부인천,서울역양주,의정부인천,구로연천
5:48,5:57,5:53,-
양주인천,구로동두천,광운대서동탄,-
5:53,-,5:57,-
광운대서동탄,-,양주인천,-
5:57,-,6:11,6:02
양주인천,-,광운대병점,구로청량리
06:02급첫,6:01,6:21,6:07
청량리신창,서울역의정부,소요산인천,서울역광운대
6:10,6:05,6:26,6:11
광운대서동탄,부평동두천,광운대병점,부평소요산
6:21,6:12,06:35첫,6:25
소요산인천,구로청량리,청량리신창,인천양주
06:27급첫,6:16,6:39,6:30
청량리천안,서울역광운대,양주인천,병점광운대
6:35,6:25,6:43,6:36
광운대병점,인천양주,광운대서동탄,인천동두천
6:39,6:29,6:47,6:42
양주인천,병점광운대,광운대천안,병점청량리
06:43첫,06:35급첫,6:53,6:48
광운대신창,인천동두천,연천인천,인천연천
6:50,6:38,6:58,6:53
광운대서동탄,병점청량리,청량리천안,병점청량리
6:54,6:42,7:02,7:01
연천인천,서울역양주,의정부인천,인천양주
6:58,6:45,07:07급첫,7:07
청량리천안,인천동두천,청량리천안,서동탄광운대
-,6:49,7:10,7:14
-,병점광운대,광운대병점,인천소요산
-,6:52,7:14,7:18
-,구로청량리,광운대신창,천안청량리
-,06:58첫,7:18,7:25
-,인천연천,동두천인천,인천양주
7:02,7:02,7:26,7:31
의정부인천,서울역양주,양주인천,서동탄광운대
07:06급,7:05,7:35,7:36
청량리천안,인천동두천,소요산인천,인천동두천
7:10,7:09,07:39급,7:41
광운대병점,서동탄광운대,청량리천안,신창광운대
7:14,7:14,7:43,7:46
동두천인천,인천소요산,광운대서동탄,인천양주
7:17,7:18,7:48,7:50
광운대신창,천안청량리,동두천인천,서동탄청량리
7:22,7:24,7:54,7:54
의정부서동탄,인천동두천,연천구로,인천연천
7:26,7:28,7:58,7:57
양주인천,서동탄광운대,광운대신창,천안광운대
7:30,7:32,08:07급,8:03
광운대신창,인천동두천,청량리천안,인천의정부
7:34,7:36,8:10,8:08
동두천인천,병점청량리,광운대서동탄,병점청량리
07:39급,7:41,8:20,8:13
청량리천안,신창광운대,광운대신창,인천양주
7:43,7:45,8:25,8:17
의정부서동탄,인천동두천,동두천인천,서동탄광운대
07:47급첫,7:50,08:29급,8:21
동두천인천,서동탄청량리,청량리천안,신창광운대
7:50,7:55,8:34,8:25
청량리서동탄,인천연천,광운대서동탄,인천소요산
7:53,7:58,8:41,8:29
연천인천,천안광운대,양주구로,병점청량리
7:57,-,8:45,8:32
광운대신창,-,청량리천안,인천의정부
8:01,8:04,8:48,8:43
양주부평,인천의정부,소요산인천,인천동두천
08:05급,8:08,8:54,8:46
청량리천안,병점청량리,광운대서동탄,천안청량리
8:08,8:13,8:58,8:51
동두천인천,인천소요산,연천인천,서동탄광운대
8:11,8:16,-,8:56
광운대서동탄,서동탄광운대,-,인천연천
8:15,8:20,9:03,9:00
동두천구로,인천양주,청량리천안,서동탄광운대
8:18,8:23,9:06,9:05
양주인천,신창광운대,양주인천,신창청량리
8:21,8:26,9:11,9:10
광운대신창,인천동두천,광운대병점,인천양주
8:24,8:30,9:16,9:16
연천부평,서동탄청량리,동두천인천,서동탄광운대
08:28급,8:33,09:20급첫,9:20
청량리천안,인천의정부,청량리신창,천안청량리
8:31,8:36,9:26,9:24
동두천인천,천안광운대,광운대서동탄,인천소요산
8:33,08:41급,9:30,9:30
광운대서동탄,인천동두천,양주구로,인천광운대
8:38,8:45,9:34,9:33
양주인천,서동탄광운대,청량리신창,천안광운대
8:43,8:48,9:39,09:37급첫
동두천부평,인천양주,소요산인천,신창청량리
8:46,8:57,9:45,9:41
청량리천안,인천연천,광운대병점,인천동두천
8:50,-,9:52,9:52
소요산인천,-,의정부인천,천안청량리
8:54,-,9:57,9:57
광운대서동탄,-,청량리천안,인천연천
08:59급,-,10:01,10:03
동두천인천,-,연천인천,서동탄광운대
9:06,9:00,10:08,10:07
광운대신창,천안청량리,광운대신창,인천의정부
9:12,9:05,10:13,10:11
동두천인천,인천의정부,양주인천,신창광운대
9:15,9:08,10:17,10:15급
광운대병점,병점광운대,청량리서동탄,천안청량리
9:20,9:13,10:24,10:20
동두천인천,인천양주,광운대신창,인천소요산
09:24급,9:17,10:29,10:25
청량리천안,서동탄광운대,동두천인천,천안광운대
9:27,9:21,10:34급,10:31
의정부인천,신창청량리,청량리천안,인천양주
9:32,9:24,10:37,10:37
광운대서동탄,인천소요산,광운대인천,서동탄광운대
9:39,9:35,10:42,10:41
소요산인천,신창광운대,광운대서동탄,인천동두천
9:43,09:39급첫,10:47,10:46
청량리신창,신창청량리,소요산인천,신창청량리
9:48,9:43,10:51,10:50
광운대서동탄,인천양주,광운대구로,인천양주
9:53,9:47,10:56,10:53
의정부인천,서동탄광운대,양주인천,천안광운대
9:58,9:58,-,10:57
청량리천안,인천연천,-,인천연천
10:02,10:03,11:00급,11:02
연천인천,서동탄청량리,청량리천안,서동탄광운대
10:11,10:07,11:03,11:06
광운대신창,인천의정부,광운대신창,인천의정부
10:15,10:11,11:07,11:11
동두천인천,천안광운대,연천인천,천안광운대
10:21,10:17급,11:13,11:16급
청량리서동탄,신창청량리,광운대서동탄,천안청량리
10:25,10:21,11:17,11:20
동두천인천,인천소요산,동두천인천,인천광운대
10:29,10:25,11:21,11:24
양주구로,천안광운대,광운대신창,병점광운대
10:33급,10:30,11:26,11:28
청량리천안,인천양주,의정부인천,신창청량리
10:37,10:39급,11:30급,11:31
의정부인천,인천동두천,청량리천안,인천양주
10:43,10:43,11:33,11:34
광운대서동탄,서동탄청량리,광운대천안,서동탄광운대
10:47,10:47,11:38,11:38급
양주서울역,인천양주,양주인천,천안청량리
10:52,10:52,11:42,11:43
광운대신창,신창광운대,청량리서동탄,인천동두천
10:58,10:57,11:46,11:46
연천인천,인천연천,소요산인천,천안광운대
11:02급,11:02,11:51급,11:51
청량리신창,서동탄광운대,청량리천안,인천양주
11:06,11:08,11:54,11:56
청량리서동탄,인천의정부,광운대신창,서동탄광운대
11:11,11:11급,11:59,-
동두천인천,천안청량리,연천인천,-
11:17급,11:16,12:03,12:01급
동두천인천,부평소요산,광운대서동탄,천안청량리
11:22,11:22,12:07,12:06
광운대병점,인천양주,양주인천,인천연천
11:26,11:28,12:12,12:12
의정부인천,신창광운대,광운대천안,신창광운대
11:30급,11:31,12:16,12:16
청량리신창,구로의정부,동두천인천,인천소요산
11:34,11:36급,12:21급,12:21
광운대신창,신창청량리,청량리천안,서동탄광운대
11:37,11:40,12:26,12:25
양주인천,인천양주,의정부인천,인천양주
11:41,11:44,12:30,12:29
광운대서동탄,서동탄광운대,광운대신창,천안광운대
11:47,11:48,12:36,12:33
소요산인천,천안청량리,양주인천,인천의정부
11:50급,11:52급,12:41,12:37급
청량리천안,인천동두천,광운대서동탄,천안청량리
11:56,11:56,12:45,12:45
연천인천,서동탄광운대,소요산인천,인천동두천
12:04,12:00,12:51,12:49
청량리서동탄,인천연천,광운대신창,천안광운대
12:07,12:04급,12:56,12:54
양주인천,천안청량리,연천인천,인천양주
12:13,12:09,-,12:58
광운대천안,인천의정부,-,서동탄광운대
12:18급,12:13,13:01급,13:02
동두천인천,천안광운대,청량리천안,인천연천
12:23급,12:17,13:04,13:05
청량리천안,인천소요산,광운대서동탄,신창광운대
12:28,12:22,13:08,13:10급
의정부인천,서동탄광운대,양주인천,천안청량리
12:32,12:26,13:13,13:17
광운대천안,인천양주,광운대천안,인천소요산
12:36,12:30,13:18,13:21
양주인천,신창광운대,동두천인천,천안광운대
12:40,12:33,13:24급,13:28
광운대서동탄,인천의정부,청량리천안,인천양주
12:46,12:39급,13:28,13:33
소요산인천,신창청량리,광운대병점,서동탄광운대
12:51,12:44급,13:32,13:37
광운대천안,인천동두천,양주인천,인천의정부
12:56,12:48,13:35,13:41급
양주인천,천안광운대,광운대서동탄,천안청량리
-,12:54,13:40,13:47
-,인천양주,소요산인천,인천동두천
-,12:59,13:44,13:50
-,서동탄광운대,광운대신창,신창광운대
13:01급,13:06,13:52,13:56
청량리신창,인천연천,의정부인천,인천양주
13:04,13:11,13:56급,-
광운대서동탄,서동탄광운대,청량리천안,-
13:08,13:17,14:00,14:00
의정부인천,인천양주,연천인천,서동탄광운대
13:12,13:22,14:04,14:07급
광운대천안,신창청량리,광운대서동탄,천안청량리
13:16급,13:26,14:10,14:11
동두천인천,인천소요산,양주인천,인천의정부
13:22,13:33,14:17,14:17
양주인천,서동탄광운대,광운대서동탄,신창광운대
13:27,13:38급,14:22,14:21
광운대병점,천안청량리,동두천인천,인천소요산
13:31,13:42,14:26급,14:28
의정부인천,인천양주,청량리천안,서동탄광운대
13:35,13:47,14:31,14:32
광운대서동탄,신창광운대,양주인천,인천양주
13:40,13:54급막,14:35,14:38
소요산인천,인천동두천,광운대천안,인천동두천
13:44,13:59,14:41,14:42
청량리천안,서동탄광운대,소요산인천,신창청량리
13:52,-,14:46,14:48
의정부인천,-,광운대서동탄,인천양주
13:57,-,14:52,14:51
광운대서동탄,-,광운대천안,천안광운대
14:02,14:03,14:57,14:58
연천인천,인천연천,의정부인천,인천연천
14:07급,14:07급,15:01급,15:03
청량리신창,천안청량리,청량리신창,서동탄광운대
14:10,14:11,15:06,15:07급
양주인천,인천의정부,연천인천,천안청량리
14:14,14:16,15:10,15:11
광운대서동탄,신창청량리,광운대서동탄,인천의정부
14:19급,14:20,15:15,15:15
동두천인천,인천소요산,양주인천,신창광운대
14:24급,14:25,15:21급,15:19
청량리천안,서동탄광운대,청량리천안,인천소요산
14:29,14:31,15:26,15:30
광운대신창,인천양주,동두천인천,인천양주
14:33,14:37,15:30,15:34
양주인천,인천의정부,광운대신창,천안광운대
14:37,14:42,15:34,15:40급
광운대서동탄,신창청량리,의정부인천,천안청량리
14:44,14:47,15:38,15:45
소요산인천,인천광운대,소요산구로,인천의정부
14:50,14:51,15:42,15:48
청량리천안,천안광운대,광운대서동탄,신창광운대
14:55,14:56,15:47,15:56
양주인천,인천연천,양주인천,인천연천
15:00급,15:00급,15:54급,15:59
청량리천안,천안청량리,청량리천안,서동탄광운대
15:04,15:05,15:57,-
광운대서동탄,인천양주,광운대신창,-
15:09,15:08,16:02,16:03급
연천인천,서동탄광운대,연천인천,천안청량리
15:16,15:14,16:06,16:07
양주인천,신창광운대,광운대병점,인천의정부
15:21급,15:21,16:09,16:12
청량리천안,인천소요산,양주인천,신창광운대
15:29,15:26,16:13,16:17
광운대신창,서동탄청량리,광운대서동탄,인천소요산
15:33,15:30,16:17,16:22
의정부인천,인천양주,동두천인천,서동탄광운대
15:43,15:34,16:20급,16:25
청량리서동탄,신창광운대,청량리천안,인천양주
15:50,15:39급,16:24,16:28
소요산인천,신창청량리,광운대천안,천안광운대
15:53,15:42,16:28,16:32
광운대천안,인천의정부,양주인천,인천의정부
15:57,15:48,16:33,16:36급
의정부인천,천안광운대,광운대서동탄,천안청량리
-,15:53,16:37,16:40
-,인천연천,의정부인천,인천동두천
-,15:59급,16:42,16:44
-,신창청량리,광운대병점,신창광운대
16:02급,16:08,16:46,16:50
청량리천안,인천의정부,소요산인천,서동탄광운대
16:05,16:11,16:50,16:54
광운대서동탄,천안광운대,광운대천안,인천양주
16:10,16:15,16:55,16:59급
연천인천,인천소요산,동두천구로,천안청량리
16:14,16:22,17:01급,17:03
양주인천,서동탄광운대,청량리신창,인천연천
16:18급,16:26,17:05,17:07
청량리신창,인천의정부,광운대서동탄,신창청량리
16:23급막,16:29,17:09,17:11
동두천인천,천안광운대,의정부인천,인천의정부
16:30,16:33,17:13,17:20
의정부인천,인천동두천,청량리천안,서동탄광운대
16:34,16:37급,17:17,17:24
광운대서동탄,천안청량리,양주서울역,구로의정부
16:39,16:41,17:21,17:28
양주인천,인천양주,광운대서동탄,신창광운대
16:47,16:45,17:27,17:36급
소요산인천,신창광운대,의정부인천,천안청량리
16:50,16:51,17:31,17:39
광운대천안,서동탄광운대,광운대신창,구로동두천
16:59급,16:55,17:37,17:44
청량리신창,인천연천,청량리천안,서동탄광운대
-,16:59급,17:41,17:47
-,천안청량리,소요산인천,인천의정부
17:03,17:03,17:51,17:51
광운대서동탄,인천양주,의정부인천,천안광운대
17:07,17:07,17:55,17:57
연천인천,신창광운대,광운대서동탄,인천양주
17:11,17:10,17:59,-
광운대천안,인천의정부,연천인천,-
17:15,17:15,18:04,18:02
양주인천,천안청량리,청량리천안,서동탄광운대
17:19급,17:18,18:09,18:05급
청량리신창,부평소요산,광운대서동탄,천안청량리
17:23,17:22,18:14,18:11
광운대서동탄,서동탄광운대,양주인천,인천양주
17:29,17:25,18:19급,18:15
의정부인천,인천양주,청량리신창,신창광운대
17:32,17:29,18:23,18:20
광운대신창,신창광운대,광운대서동탄,인천소요산
17:36,17:36급,18:27,18:26
양주인천,천안청량리,양주인천,서동탄광운대
17:40,17:39,18:30,18:30급
청량리서동탄,부평동두천,광운대천안,천안청량리
17:46,17:47,18:34,18:35
소요산인천,인천양주,의정부인천,인천동두천
17:51,17:50,18:39,18:38
광운대천안,신창광운대,소요산인천,신창광운대
17:54,17:55,18:42,18:42
의정부인천,인천연천,광운대서동탄,구로양주
17:59,17:58급,18:47,18:47
청량리서동탄,천안청량리,의정부인천,인천광운대
18:02,18:02,18:51급막,18:51
연천인천,인천동두천,청량리신창,병점광운대
18:07,18:05,18:56,-
광운대신창,서동탄광운대,광운대신창,-
18:11,18:09,19:01,19:00
의정부인천,인천의정부,연천인천,서동탄광운대
18:16,18:14,19:08,19:04
청량리서동탄,천안광운대,광운대서동탄,인천의정부
18:20,18:18,19:14,19:09급
양주인천,인천양주,동두천인천,천안청량리
18:25,18:21급,19:18,19:17
광운대신창,천안청량리,광운대신창,구로소요산
18:30,18:28,19:21,19:21
의정부인천,서동탄광운대,의정부인천,신창광운대
18:33,18:33,19:26,19:24
광운대천안,인천양주,청량리구로,인천의정부
18:39,18:36,19:31,19:29
소요산인천,신창광운대,양주인천,인천양주
18:42,18:42,19:35,19:34
광운대서동탄,인천동두천,광운대천안,서동탄광운대
18:46,18:46,19:44,19:39급
양주인천,병점광운대,소요산인천,천안청량리
18:50급,18:50,19:48,19:44
청량리천안,인천양주,광운대신창,인천양주
18:53,18:53급,19:53,19:47
광운대신창,천안청량리,양주인천,신창광운대
18:57,18:58,19:57,19:50
연천인천,인천연천,청량리서동탄,인천연천
19:01,19:01,-,19:55
광운대신창,천안광운대,-,서동탄광운대
19:05,19:04,-,19:59
양주인천,부평동두천,-,인천광운대
19:08,19:09,20:02,20:03
광운대서동탄,서동탄청량리,연천인천,천안청량리
19:12,19:12,20:07,20:09
동두천인천,인천의정부,동두천인천,인천동두천
19:17급,19:20,20:11,20:14
청량리천안,신창광운대,광운대신창,신창광운대
19:20,19:24,20:16,20:18
광운대서동탄,인천양주,양주인천,인천소요산
19:24,19:28,20:20,20:28
양주인천,서동탄광운대,청량리구로,인천양주
19:28,19:32,20:23,20:31
광운대천안,인천소요산,광운대서동탄,천안광운대
19:33,19:36,20:28,20:37급
의정부인천,신창광운대,의정부인천,천안청량리
19:38,19:43,20:33,20:41
청량리서동탄,천안청량리,광운대천안,인천의정부
19:42,19:47,20:38,20:45
소요산인천,인천동두천,광운대서동탄,서동탄광운대
19:48,19:51,20:42,20:50
광운대천안,서동탄광운대,소요산인천,인천동두천
19:52,19:55,20:47,20:53
양주인천,인천양주,의정부구로,신창청량리
19:56,19:58,20:53,20:58
광운대서동탄,천안광운대,청량리신창,인천양주
20:00,20:04,20:56,-
연천인천,서동탄광운대,연천인천,-
20:04급막,20:08,21:01,21:03
청량리신창,인천연천,광운대병점,구로연천
20:07,20:14,21:05,21:08
양주인천,신창광운대,양주인천,병점광운대
20:12,20:18,21:10막,21:13
광운대신창,인천의정부,청량리신창,신창청량리
20:18,20:22,21:15,21:17
동두천인천,서동탄광운대,동두천인천,인천의정부
20:22,20:29,21:21,21:21
광운대서동탄,인천소요산,광운대서동탄,서동탄광운대
20:27,20:32,21:26,21:26
양주인천,천안광운대,양주인천,인천소요산
20:32,20:36급,21:31,21:29
광운대천안,신창청량리,광운대서동탄,천안광운대
20:36,20:41,21:38,21:35
의정부인천,인천양주,청량리천안,인천양주
20:41,20:48,21:43,21:39급막
광운대서동탄,인천동두천,소요산인천,천안청량리
20:47,20:52,21:48,21:43
동두천인천,천안광운대,광운대서동탄,인천의정부
20:53,20:56,21:54,21:48
청량리신창,인천양주,청량리병점,신창광운대
20:56,20:59,21:58,21:53
연천인천,서동탄광운대,연천인천,인천연천
21:00,21:03,-,21:57
광운대서동탄,인천연천,-,서동탄광운대
21:05,21:11,22:03막,22:02
동두천인천,인천의정부,광운대천안,인천의정부
21:13,21:17,22:07,22:11
양주인천,서동탄청량리,양주인천,인천소요산
21:19,21:22,22:12,22:18
광운대신창,인천소요산,광운대병점,신창광운대
21:24,21:27,22:17,22:22
동두천인천,천안광운대,의정부인천,인천양주
21:28,21:34급,22:24,22:31
광운대병점,천안청량리,광운대병점,인천동두천
21:32,21:39,22:28,22:35
양주인천,인천양주,동두천인천,천안청량리
21:37,21:43,22:33,22:46
연천구로,신창광운대,양주인천,병점광운대
21:41막,21:47,22:39,22:51막
청량리신창,인천의정부,광운대서동탄,인천연천
21:45,21:53,22:45,22:56
의정부인천,서동탄광운대,소요산인천,천안광운대
21:51,21:57,22:51막,-
광운대서동탄,인천연천,청량리서동탄,-
21:57,-,22:56,-
소요산인천,-,연천인천,-
22:03막,22:02,23:02막,23:02
청량리천안,서동탄광운대,광운대병점,인천의정부
22:07,22:05,23:09막,23:07
연천인천,인천양주,의정부인천,병점광운대
22:12,22:09급,23:15,23:17막
광운대서동탄,신창청량리,양주구로,인천소요산
22:20,22:13,23:28,23:21
동두천인천,인천소요산,동두천구로,신창광운대
22:24,22:18,23:38,23:31
광운대병점,천안광운대,의정부구로,서동탄광운대
22:29,22:24,23:50막,23:41막
청량리구로,인천의정부,소요산구로,인천양주
22:34,22:33,-,23:46
의정부인천,인천동두천,-,서동탄광운대
22:40,22:38급막,-,23:52막
광운대서동탄,천안청량리,-,인천의정부
22:45,22:43,-,0:05
양주서울역,인천양주,-,인천광운대
22:50,22:47,-,00:17막
광운대구로,서동탄광운대,-,인천광운대
22:55,22:53,-,-
소요산인천,인천의정부,-,-
23:00막,23:00,-,-
광운대서동탄,신창광운대,-,-
23:07,23:07막,-,-
연천인천,인천연천,-,-
23:11,23:16,-,-
청량리구로,신창광운대,-,-
23:15막,23:23,-,-
의정부인천,서동탄광운대,-,-
23:25,23:30막,-,-
양주구로,인천소요산,-,-
23:39,23:37막,-,-
양주구로,인천양주,-,-
23:47,23:43,-,-
광운대구로,서동탄광운대,-,-
23:55막,23:50막,-,-
의정부구로,인천의정부,-,-
0:13,0:09,-,-
의정부서울역,천안광운대,-,-
00:44막,00:17막,-,-
청량리서울역,인천광운대,-,-
-,00:26막,-,-
-,서동탄청량리,-,-
