﻿관악방면,명학방면,관악방면,명학방면
평일,평일,주말,주말
05:33첫,05:18첫,05:34첫,05:18첫
병점광운대,구로천안,병점광운대,구로천안
5:42,05:36첫,5:46,05:35첫
병점청량리,구로신창,병점청량리,구로신창
5:53,5:50,5:57,5:50
병점광운대,구로천안,병점청량리,구로천안
-,05:58첫,-,05:59첫
-,서울역서동탄,-,서울역서동탄
6:13,6:05,6:11,6:06
서동탄광운대,구로신창,서동탄광운대,구로신창
6:22,6:14,6:22,6:16
천안청량리,구로서동탄,천안청량리,동묘앞서동탄
6:32,6:21,6:35,6:25
서동탄광운대,광운대서동탄,서동탄광운대,구로서동탄
6:40,6:33,6:45,6:33
병점청량리,동묘앞서동탄,신창광운대,광운대서동탄
6:45,6:39,6:54,6:39
신창광운대,구로천안,서동탄청량리,구로신창
06:52급첫,6:49,-,6:49
천안서울역,광운대서동탄,-,광운대서동탄
6:54,06:54급첫,-,6:59
서동탄청량리,청량리신창,-,구로천안
7:02,7:01,7:01,7:07
천안광운대,구로신창,천안광운대,광운대병점
7:12,7:06,7:12,7:14
병점청량리,광운대서동탄,병점청량리,동묘앞서동탄
7:21,7:14,7:21,7:22
서동탄광운대,구로서동탄,서동탄광운대,광운대병점
7:27,07:20급첫,7:25,7:31
신창광운대,청량리천안,신창광운대,청량리신창
7:34,7:27,7:33,7:39
서동탄청량리,구로천안,병점청량리,광운대서동탄
7:40,7:31,7:40,7:43
천안광운대,광운대병점,서동탄동묘앞,광운대천안
07:42급막,7:39,7:50,7:54
신창서울역,광운대신창,천안청량리,청량리천안
7:49,7:46,7:55,07:59급첫
서동탄광운대,광운대서동탄,서동탄광운대,청량리천안
7:56,7:54,8:04,8:06
서동탄동묘앞,청량리천안,서동탄광운대,광운대병점
-,07:59급,8:09,8:10
-,청량리천안,신창청량리,광운대신창
8:04,8:06,8:20,8:18
천안청량리,광운대병점,서동탄광운대,동묘앞서동탄
8:12,8:13,8:24,8:25
병점광운대,광운대신창,천안청량리,구로천안
8:21,8:18,8:37,08:31급
서동탄광운대,의정부서동탄,천안광운대,청량리천안
8:25,8:26,08:45급첫,8:39
신창청량리,광운대신창,신창청량리,광운대서동탄
8:33,08:31급,8:50,8:54
서동탄구로,청량리천안,서동탄동묘앞,광운대신창
8:39,8:39,8:56,08:59급
신창광운대,의정부서동탄,천안청량리,청량리천안
08:46급첫,8:46,9:07,9:06
신창청량리,청량리서동탄,서동탄광운대,광운대서동탄
8:51,8:54,9:15,9:16
서동탄광운대,광운대신창,신창광운대,광운대신창
8:57,08:59급,09:22급,09:21급
천안구로,청량리천안,천안청량리,청량리천안
9:07,9:07,9:29,9:30
서동탄청량리,광운대서동탄,천안광운대,광운대서동탄
9:15,9:17,9:41,9:41
천안광운대,광운대신창,서동탄광운대,청량리천안
09:24급,09:22급,9:50,9:50
신창청량리,청량리천안,신창청량리,광운대서동탄
9:29,9:30,9:57,9:59
천안광운대,광운대서동탄,천안광운대,청량리천안
9:40,9:42,10:06,10:07
천안구로,청량리천안,서동탄광운대,광운대병점
9:47,9:50,10:15,10:12급첫
서동탄청량리,광운대서동탄,천안광운대,청량리신창
9:56,-,10:23급,10:22
신창광운대,-,천안청량리,광운대서동탄
10:06,10:02,10:28,10:30
서동탄광운대,광운대신창,병점광운대,청량리신창
10:18급,10:11,10:32,10:41
천안청량리,광운대병점,신창청량리,광운대병점
10:23,10:16급,10:38,10:53
서동탄구로,청량리천안,서동탄광운대,청량리천안
10:32,10:28,10:45급,-
신창광운대,광운대서동탄,천안청량리,-
10:43급,10:39,10:50,-
신창청량리,청량리신창,천안광운대,-
10:48,10:44,11:00,11:04
서동탄광운대,광운대서동탄,서동탄광운대,광운대신창
10:52,10:54,11:08급,11:13
천안청량리,청량리천안,천안청량리,청량리서동탄
11:00,11:01,11:16,11:20
서동탄광운대,구로병점,신창광운대,광운대신창
11:11급,11:07,11:25,11:26급
천안청량리,광운대신창,서동탄광운대,청량리천안
11:17,11:16,11:33,11:38
천안광운대,청량리서동탄,천안광운대,광운대서동탄
11:26,11:25급,11:44급,11:52급
서동탄광운대,청량리천안,천안청량리,청량리천안
11:34,11:33,11:53,11:59
신창광운대,구로천안,천안광운대,광운대신창
11:46급,11:39,12:02,12:09
신창청량리,광운대서동탄,서동탄광운대,광운대서동탄
11:52,11:48,12:09,12:17
천안광운대,광운대신창,신창광운대,광운대신창
-,11:54급,12:17급,12:22급
-,청량리신창,천안청량리,청량리천안
12:03,12:02,12:24,12:29
서동탄광운대,청량리서동탄,천안광운대,광운대천안
12:15,12:09,12:37,12:38
서동탄광운대,구로천안,서동탄광운대,청량리서동탄
12:22급첫,12:18,12:48급,12:43급
천안구로,광운대병점,천안청량리,청량리천안
12:26,12:23급,12:53,12:50
신창청량리,청량리신창,신창광운대,광운대신창
12:37,12:30,-,12:59
서동탄광운대,광운대신창,-,광운대서동탄
12:45급,12:37,13:04,13:08
천안청량리,광운대서동탄,서동탄광운대,광운대천안
12:50,12:43급,13:14급,13:13급
신창광운대,청량리천안,천안청량리,청량리천안
-,12:50,13:21,13:26
-,구로신창,신창광운대,광운대신창
13:03,13:00,13:32,13:37
서동탄광운대,청량리서동탄,서동탄광운대,광운대서동탄
13:14급,13:09,13:46,13:47
천안청량리,광운대천안,신창청량리,광운대신창
13:19,13:15급,13:55,13:53급
신창청량리,청량리천안,천안광운대,청량리천안
13:29,13:28,14:07,14:00
서동탄광운대,광운대천안,서동탄광운대,광운대서동탄
13:45,13:36,14:14급,14:09
신창청량리,광운대서동탄,천안청량리,광운대천안
13:55,13:47,14:19,14:16급
천안광운대,광운대천안,신창광운대,청량리천안
-,13:53급,14:29,14:24
-,청량리신창,서동탄동묘앞,광운대병점
14:08급,14:00,14:38,14:31
천안청량리,광운대서동탄,천안광운대,광운대서동탄
14:12,14:10,14:47급,14:40
서동탄광운대,광운대천안,천안청량리,광운대신창
14:18,14:15급,14:52,14:48급
신창광운대,구로천안,신창광운대,청량리천안
14:30,14:23,15:03,15:00
서동탄청량리,광운대병점,서동탄광운대,광운대서동탄
14:38,14:31,15:10급,15:13
신창광운대,광운대서동탄,천안청량리,광운대서동탄
14:46급,14:40,15:16,15:18급
신창청량리,청량리천안,신창광운대,청량리천안
14:52,14:53,15:26,15:31
천안광운대,광운대서동탄,서동탄광운대,광운대천안
-,14:59급,15:32,15:42
-,청량리신창,천안광운대,광운대서동탄
15:00,15:10,15:43급,15:48
서동탄구로,광운대서동탄,천안청량리,광운대천안
15:07급,15:16급,15:48,15:53급
신창청량리,청량리천안,신창광운대,청량리신창
15:15,15:25,15:54,-
천안광운대,광운대신창,서동탄광운대,-
15:26,15:33,16:06급,16:06
서동탄광운대,광운대서동탄,천안청량리,광운대서동탄
15:33,15:46,16:11,16:14급
천안광운대,청량리천안,신창청량리,청량리천안
15:44급,15:52급,16:24,16:22
천안청량리,청량리천안,서동탄광운대,구로병점
15:49,-,16:32,16:26
신창광운대,-,신창광운대,광운대신창
15:55,-,16:43급,16:38
서동탄광운대,-,천안청량리,광운대서동탄
16:06급,16:00,16:48,16:47급
천안청량리,광운대서동탄,서동탄광운대,청량리천안
16:11,16:08,16:55,16:53
신창광운대,구로신창,천안광운대,광운대신창
16:19,16:13급,17:06,17:02
천안청량리,청량리천안,서동탄광운대,광운대병점
16:26,16:25,17:12급,17:09
서동탄광운대,광운대신창,천안청량리,광운대서동탄
16:33,16:39,17:19,17:14급
신창광운대,청량리서동탄,신창광운대,청량리천안
16:43급,16:49,17:30,17:20
천안청량리,광운대천안,서동탄광운대,광운대천안
16:47,16:54급,17:37급,17:29
서동탄동묘앞,청량리천안,천안청량리,광운대서동탄
16:54,-,17:42,17:38
신창광운대,-,신창광운대,광운대병점
17:05급,17:02,17:55,17:46
천안청량리,광운대서동탄,병점광운대,광운대천안
17:09,17:11급,-,17:53급
서동탄광운대,청량리신창,-,청량리신창
17:18,17:21,18:04,18:01
천안광운대,구로신창,서동탄광운대,광운대서동탄
17:28급,17:30,18:16급,18:09
천안청량리,광운대서동탄,천안청량리,청량리천안
17:32,17:39,18:25,18:17
서동탄광운대,동묘앞서동탄,신창광운대,광운대서동탄
17:40,17:46,18:38,18:27
신창광운대,광운대천안,서동탄광운대,광운대신창
17:50,17:52급,18:46급,18:33
병점광운대,청량리신창,천안청량리,청량리천안
-,17:59,18:51,18:51
-,광운대서동탄,신창광운대,광운대서동탄
18:00급,18:07,18:59,-
천안청량리,광운대천안,서동탄광운대,-
18:05,18:12급,19:07,19:00
천안광운대,청량리신창,천안청량리,청량리천안
18:13,18:19,19:18,19:05
서동탄청량리,광운대서동탄,신창광운대,광운대서동탄
18:24,18:28,19:26,19:11급
신창광운대,광운대신창,서동탄동묘앞,청량리신창
18:32,18:36,19:35,19:19
서동탄광운대,청량리서동탄,천안광운대,광운대서동탄
18:40,18:47,19:44급,19:26
신창광운대,광운대천안,천안청량리,광운대천안
18:47,18:47급,19:49,19:38
천안청량리,서울역천안,서동탄광운대,광운대서동탄
18:55,18:55,19:57,19:43급막
서동탄광운대,청량리서동탄,신창청량리,청량리신창
19:02,19:03,-,19:52
천안광운대,광운대신창,-,광운대신창
19:08,19:12,20:12,20:04
서동탄광운대,청량리서동탄,병점광운대,광운대서동탄
19:18,19:21,20:17,20:14
신창광운대,광운대신창,신창청량리,광운대신창
19:26,19:29,20:25,20:31
서동탄광운대,광운대천안,서동탄광운대,광운대천안
19:36,19:39,20:31,20:44
천안광운대,광운대서동탄,천안광운대,광운대신창
19:43급,19:43급,20:36,20:53
신창청량리,청량리천안,서동탄구로,청량리서동탄
19:48,19:50,20:46급막,-
서동탄구로,광운대신창,천안청량리,-
19:56,19:57,20:52,-
천안광운대,광운대신창,신창광운대,-
20:03,20:04,21:01,21:07
서동탄광운대,광운대서동탄,서동탄광운대,광운대신창
20:12,20:09급,21:10,21:19
신창구로,청량리천안,서동탄동묘앞,광운대서동탄
20:21,20:16,21:22,21:29
서동탄청량리,광운대서동탄,신창광운대,광운대천안
20:31,20:24,21:31,21:34
천안광운대,광운대천안,서동탄동묘앞,광운대서동탄
20:41급,20:34,21:39,21:49
천안청량리,청량리서동탄,천안청량리,청량리신창
20:46,20:44,21:50,21:57
신창광운대,광운대천안,병점광운대,광운대병점
20:57,20:52,22:00,22:06막
서동탄광운대,광운대서동탄,천안광운대,청량리신창
-,20:57급막,22:11,22:17
-,청량리신창,병점광운대,광운대서동탄
21:06,21:08,22:25,22:27
서동탄광운대,광운대신창,신창광운대,광운대서동탄
21:16급,21:18,22:35,22:34
신창청량리,광운대서동탄,서동탄광운대,청량리천안
21:21,21:28,22:42,22:44
천안광운대,광운대천안,천안구로,광운대서동탄
21:33,21:37,22:50막,22:50
서동탄동묘앞,광운대서동탄,서동탄광운대,청량리병점
21:38,21:49,-,22:59막
천안구로,청량리신창,-,광운대천안
21:45급막,21:56,23:03막,23:08
천안청량리,광운대서동탄,서동탄서울역,광운대병점
21:50,-,23:23,23:20
서동탄광운대,-,신창구로,광운대병점
22:04,22:04,23:42,23:35
신창광운대,구로서동탄,서동탄구로,광운대서동탄
22:11,22:17,23:49,23:47막
서동탄구로,광운대신창,신창구로,청량리서동탄
22:20,22:24,23:59,23:58막
신창광운대,광운대병점,신창구로,광운대병점
22:27,22:37막,00:12막,-
서동탄광운대,청량리신창,서동탄구로,-
22:37,22:47,-,-
천안구로,광운대서동탄,-,-
22:47,22:59막,-,-
서동탄광운대,청량리천안,-,-
23:03,23:08,-,-
서동탄동묘앞,광운대서동탄,-,-
23:13막,23:20,-,-
천안광운대,광운대병점,-,-
23:31막,23:36,-,-
서동탄청량리,광운대서동탄,-,-
23:41,23:56막,-,-
서동탄구로,광운대서동탄,-,-
23:48,-,-,-
신창구로,-,-,-
23:59,-,-,-
신창구로,-,-,-
00:12막,-,-,-
서동탄구로,-,-,-
