﻿독산방면,석수/광명방면,독산방면,석수/광명방면
평일,평일,주말,주말
05:41첫,05:09첫,05:42첫,05:09첫
병점광운대,구로천안,병점광운대,구로천안
5:50,05:27첫,5:54,05:26첫
병점청량리,구로신창,병점청량리,구로신창
-,5:41,-,5:41
-,구로천안,-,구로천안
-,05:46첫,-,05:46첫
-,영등포광명,-,영등포광명
-,05:50첫,-,05:50첫
-,서울역서동탄,-,서울역서동탄
-,5:56,-,5:57
-,구로신창,-,구로신창
6:01,6:05,6:05,6:07
병점광운대,구로서동탄,병점청량리,동묘앞서동탄
6:21,6:13,6:19,6:16
서동탄광운대,광운대서동탄,서동탄광운대,구로서동탄
6:31,6:24,6:31,6:25
천안청량리,동묘앞서동탄,천안청량리,광운대서동탄
6:35,6:30,6:35,6:30
광명영등포,구로천안,광명영등포,구로신창
6:40,6:36,6:43,6:36
서동탄광운대,영등포광명,서동탄광운대,영등포광명
6:48,6:41,6:53,6:41
병점청량리,광운대서동탄,신창광운대,광운대서동탄
6:53,6:52,-,6:50
신창광운대,구로신창,-,구로천안
06:58급첫,6:58,-,6:59
천안서울역,광운대서동탄,-,광운대병점
7:02,7:05,7:02,7:05
서동탄청량리,구로서동탄,서동탄청량리,동묘앞서동탄
7:10,07:13급첫,7:10,7:14
천안광운대,청량리천안,천안광운대,광운대병점
7:20,7:18,7:20,7:22
병점청량리,구로천안,병점청량리,청량리신창
7:29,7:23,7:29,7:27
서동탄광운대,광운대병점,서동탄광운대,영등포광명
7:35,7:27,7:33,7:31
신창광운대,영등포광명,신창광운대,광운대서동탄
7:43,7:31,7:41,7:35
서동탄청량리,광운대신창,병점청량리,광운대천안
7:49,7:37,7:48,7:45
천안광운대,광운대서동탄,서동탄동묘앞,청량리천안
07:49급막,7:45,7:52,7:58
신창서울역,청량리천안,광명영등포,광운대병점
7:52,07:52급,7:59,-
광명영등포,청량리천안,천안청량리,-
7:57,7:58,8:03,8:02
서동탄광운대,광운대병점,서동탄광운대,광운대신창
8:05,8:05,8:12,8:09
서동탄동묘앞,광운대신창,서동탄광운대,동묘앞서동탄
8:13,8:10,8:17,8:16
천안청량리,의정부서동탄,신창청량리,구로천안
8:20,8:18,8:24,8:31
병점광운대,광운대신창,광명영등포,광운대서동탄
8:24,8:31,8:28,8:42
광명영등포,의정부서동탄,서동탄광운대,영등포광명
8:29,8:37,8:33,8:46
서동탄광운대,청량리서동탄,천안청량리,광운대신창
8:33,8:42,8:46,8:58
신창청량리,영등포광명,천안광운대,광운대서동탄
8:41,8:46,8:58,-
서동탄구로,광운대신창,서동탄동묘앞,-
8:47,8:59,9:04,9:08
신창광운대,광운대서동탄,천안청량리,광운대신창
08:53급첫,-,9:15,9:22
신창청량리,-,서동탄광운대,광운대서동탄
8:59,-,9:23,9:26
서동탄광운대,-,신창광운대,영등포광명
9:05,9:09,9:38,9:32
천안구로,광운대신창,천안광운대,청량리천안
9:16,9:21,9:44,9:42
서동탄청량리,광운대서동탄,광명영등포,광운대서동탄
9:24,9:26,9:49,9:50
천안광운대,영등포광명,서동탄광운대,청량리천안
09:30급,9:33,9:58,9:59
신창청량리,청량리천안,신창청량리,광운대병점
9:38,9:42,10:06,10:14
천안광운대,광운대서동탄,천안광운대,광운대서동탄
9:44,9:54,10:14,10:21
광명영등포,광운대신창,서동탄광운대,청량리신창
9:48,-,10:18,10:25
천안구로,-,광명영등포,영등포광명
9:55,-,10:24,10:33
서동탄청량리,-,천안광운대,광운대병점
10:04,10:03,10:36,10:44
신창광운대,광운대병점,병점광운대,청량리천안
10:14,10:20,10:40,10:56
서동탄광운대,광운대서동탄,신창청량리,광운대신창
10:18,10:25,10:46,-
광명영등포,영등포광명,서동탄광운대,-
10:31,10:30,10:59,-
서동탄구로,청량리신창,천안광운대,-
10:40,10:36,11:08,11:04
신창광운대,광운대서동탄,서동탄광운대,청량리서동탄
10:56,10:45,11:20,11:12
서동탄광운대,청량리천안,광명영등포,광운대신창
-,10:52,11:24,11:16
-,구로병점,신창광운대,영등포광명
-,10:59,11:33,11:30
-,광운대신창,서동탄광운대,광운대서동탄
11:01,11:08,11:42,11:51
천안청량리,청량리서동탄,천안광운대,광운대신창
11:08,11:16,11:55,-
서동탄광운대,영등포광명,광명영등포,-
11:20,11:24,12:02,12:00
광명영등포,구로천안,천안광운대,광운대서동탄
11:25,11:31,12:10,12:06
천안광운대,광운대서동탄,서동탄광운대,영등포광명
11:34,11:40,12:18,12:09
서동탄광운대,광운대신창,신창광운대,광운대신창
11:42,11:53,12:33,12:21
신창광운대,청량리서동탄,천안광운대,광운대천안
11:55,-,12:45,12:29
광명영등포,-,서동탄광운대,청량리서동탄
12:00,12:00,-,12:42
천안광운대,구로천안,-,광운대신창
12:11,12:06,-,12:46
서동탄광운대,영등포광명,-,영등포광명
12:23,12:10,-,12:51
서동탄광운대,광운대병점,-,광운대서동탄
12:34,12:22,13:01,13:00
신창청량리,광운대신창,신창광운대,광운대천안
12:46,12:29,13:05,13:18
서동탄광운대,광운대서동탄,광명영등포,광운대신창
12:58,12:41,13:12,13:29
신창광운대,구로신창,서동탄광운대,광운대서동탄
-,12:46,13:30,13:39
-,영등포광명,신창광운대,광운대신창
-,12:51,13:40,13:52
-,청량리서동탄,서동탄광운대,광운대서동탄
13:05,13:01,13:44,13:57
광명영등포,광운대천안,광명영등포,영등포광명
13:11,13:20,13:54,-
서동탄광운대,광운대천안,신창청량리,-
13:27,13:28,14:04,14:01
신창청량리,광운대서동탄,천안광운대,광운대천안
13:37,13:39,14:15,14:16
서동탄광운대,광운대천안,서동탄광운대,광운대병점
13:44,13:52,14:27,14:23
광명영등포,광운대서동탄,신창광운대,광운대서동탄
13:53,13:57,14:33,14:32
신창청량리,영등포광명,광명영등포,광운대신창
14:04,14:01,14:37,14:36
천안광운대,광운대천안,서동탄동묘앞,영등포광명
14:21,14:15,14:47,14:52
서동탄광운대,광운대병점,천안광운대,광운대서동탄
14:27,14:23,15:01,15:05
신창광운대,광운대서동탄,신창광운대,광운대서동탄
14:33,14:31,15:11,15:23
광명영등포,청량리천안,서동탄광운대,광운대천안
14:38,14:36,15:24,15:30
서동탄청량리,영등포광명,신창광운대,영등포광명
14:46,14:45,15:30,15:34
신창광운대,광운대서동탄,광명영등포,광운대서동탄
15:00,15:02,15:34,15:40
천안광운대,광운대서동탄,서동탄광운대,광운대천안
15:08,15:17,15:41,15:58
서동탄구로,광운대신창,천안광운대,광운대서동탄
15:24,15:25,15:56,-
천안광운대,광운대서동탄,신창광운대,-
15:30,15:30,16:03,16:13
광명영등포,영등포광명,서동탄광운대,구로병점
15:34,15:37,16:19,16:18
서동탄광운대,청량리천안,신창청량리,광운대신창
15:42,15:52,16:23,16:24
천안광운대,광운대서동탄,광명영등포,영등포광명
15:57,15:59,16:32,16:30
신창광운대,구로신창,서동탄광운대,광운대서동탄
16:03,16:17,16:40,16:45
서동탄광운대,광운대신창,신창광운대,광운대신창
16:19,16:24,16:56,16:54
신창광운대,영등포광명,서동탄광운대,광운대병점
16:23,16:30,17:03,17:01
광명영등포,청량리서동탄,천안광운대,광운대서동탄
16:27,16:41,17:14,17:12
천안청량리,광운대천안,서동탄광운대,광운대천안
16:34,16:54,17:22,17:17
서동탄광운대,광운대서동탄,광명영등포,영등포광명
16:41,-,17:28,17:21
신창광운대,-,신창광운대,광운대서동탄
16:56,-,17:38,17:30
서동탄동묘앞,-,서동탄광운대,광운대병점
17:03,17:12,17:51,17:38
신창광운대,구로신창,신창광운대,광운대천안
17:18,17:17,-,17:53
서동탄광운대,영등포광명,-,광운대서동탄
17:22,17:22,18:03,18:00
광명영등포,광운대서동탄,병점광운대,청량리천안
17:26,17:30,18:12,18:09
천안광운대,동묘앞서동탄,서동탄광운대,광운대서동탄
17:41,17:38,18:27,18:19
서동탄광운대,광운대천안,광명영등포,광운대신창
17:49,17:45급첫,18:33,18:24
신창광운대,청량리신창,신창광운대,청량리천안
17:58,17:51,18:46,18:33
병점광운대,광운대서동탄,서동탄광운대,영등포광명
-,17:59,18:59,18:43
-,광운대천안,신창광운대,광운대서동탄
18:14,18:05급막,-,18:51
천안광운대,청량리신창,-,청량리천안
18:21,18:11,-,18:57
서동탄청량리,광운대서동탄,-,광운대서동탄
18:27,18:20,19:07,19:11
광명영등포,광운대신창,서동탄광운대,광운대서동탄
18:32,18:27,19:16,19:18
신창광운대,청량리서동탄,천안청량리,광운대천안
18:40,18:33,19:26,19:25
서동탄광운대,영등포광명,신창광운대,영등포광명
18:48,18:39,19:34,19:30
신창광운대,광운대천안,서동탄동묘앞,광운대서동탄
18:56,18:41급,19:39,19:44
천안청량리,서울역천안,광명영등포,광운대신창
-,18:46,19:44,19:56
-,청량리서동탄,천안광운대,광운대서동탄
-,18:55,19:57,-
-,광운대신창,서동탄광운대,-
19:03,19:03,20:06,20:06
서동탄광운대,청량리서동탄,신창청량리,광운대신창
19:11,19:13,20:15,20:23
천안광운대,광운대신창,광명영등포,광운대천안
19:16,19:21,20:20,20:32
서동탄광운대,광운대천안,병점광운대,영등포광명
19:26,19:25,20:25,20:36
신창광운대,영등포광명,신창청량리,광운대신창
19:34,19:30,20:33,20:44
서동탄광운대,광운대서동탄,서동탄광운대,청량리서동탄
19:39,19:36급막,20:40,20:59
광명영등포,청량리천안,천안광운대,광운대신창
19:45,19:41,20:44,-
천안광운대,광운대신창,서동탄구로,-
19:50급,19:49,21:00,21:11
신창청량리,광운대신창,신창광운대,광운대서동탄
19:56,19:56,21:09,21:15
서동탄구로,광운대서동탄,서동탄광운대,영등포광명
20:04,20:08,21:18,21:21
천안광운대,광운대서동탄,서동탄동묘앞,광운대천안
20:11,20:16,21:25,21:26
서동탄광운대,광운대천안,광명영등포,광운대서동탄
20:15,20:25,21:30,21:40
광명영등포,청량리서동탄,신창광운대,청량리신창
20:20,20:32,21:39,21:49
신창구로,영등포광명,서동탄동묘앞,광운대병점
20:29,20:36,21:48,21:57막
서동탄청량리,광운대천안,천안청량리,청량리신창
20:40,20:44,21:58,-
천안광운대,광운대서동탄,병점광운대,-
20:47급막,-,22:03,22:04
천안청량리,-,광명영등포,영등포광명
20:54,-,22:09,22:09
신창광운대,-,천안광운대,광운대서동탄
21:05,21:00,22:19,22:19
서동탄광운대,광운대신창,병점광운대,광운대서동탄
21:14,21:10,22:33,22:25
서동탄광운대,광운대서동탄,신창광운대,청량리천안
21:25,21:15,22:43,22:36
광명영등포,영등포광명,서동탄광운대,광운대서동탄
21:29,21:20,22:51,22:41
천안광운대,광운대천안,천안구로,청량리병점
21:41,21:29,22:58막,22:46막
서동탄동묘앞,광운대서동탄,서동탄광운대,영등포광명
21:47,21:40,-,22:51막
천안구로,청량리신창,-,광운대천안
21:58,21:48,23:03,23:00
서동탄광운대,광운대서동탄,광명영등포,광운대병점
-,21:56,23:11막,23:12
-,구로서동탄,서동탄서울역,광운대병점
22:03,22:04,23:31,23:27
광명영등포,영등포광명,신창구로,광운대서동탄
22:12,22:08,23:44막,23:38막
신창광운대,광운대신창,광명영등포,청량리서동탄
22:19,22:16,23:50,23:50막
서동탄구로,광운대병점,서동탄구로,광운대병점
22:28,22:28막,23:57,-
신창광운대,청량리신창,신창구로,-
22:35,22:39,0:07,-
서동탄광운대,광운대서동탄,신창구로,-
22:46,22:46막,00:20막,-
천안구로,영등포광명,서동탄구로,-
22:55,22:50막,-,-
서동탄광운대,청량리천안,-,-
23:03,23:00,-,-
광명영등포,광운대서동탄,-,-
23:11,23:12,-,-
서동탄동묘앞,광운대병점,-,-
23:22막,23:28,-,-
천안광운대,광운대서동탄,-,-
23:39막,23:48막,-,-
서동탄청량리,광운대서동탄,-,-
23:44막,-,-,-
광명영등포,-,-,-
23:49,-,-,-
서동탄구로,-,-,-
23:56,-,-,-
신창구로,-,-,-
0:07,-,-,-
신창구로,-,-,-
00:20막,-,-,-
서동탄구로,-,-,-
