            <Item>
               <Key>OzBsidian</Key>
               <Value class="java.util.ArrayList">
                  <Item class="oracle.ide.ceditor.options.S2Style" name="base-plain-style" usepfg="false" frgb="-1579033" usepbg="false" brgb="-15328735" usepfont="false" font="0"/>
                  <Item class="oracle.ide.ceditor.options.S2Style" name="base-comment-style" usepfg="false" frgb="-23131" usepbg="true" brgb="-15328735" usepfont="true" font="0"/>
                  <Item class="oracle.ide.ceditor.options.S2Style" name="base-keyword-style" usepfg="false" frgb="-5904385" usepbg="true" brgb="-15328735" usepfont="false" font="0"/>
                  <Item class="oracle.ide.ceditor.options.S2Style" name="base-string-style" usepfg="false" frgb="-75" usepbg="true" brgb="-15328735" usepfont="true" font="0"/>
                  <Item class="oracle.ide.ceditor.options.S2Style" name="base-number-style" usepfg="false" frgb="-5904385" usepbg="true" brgb="-15328735" usepfont="true" font="0"/>
                  <Item class="oracle.ide.ceditor.options.S2Style" name="base-identifier-style" usepfg="true" frgb="-1579033" usepbg="true" brgb="-15328735" usepfont="true" font="0"/>
                  <Item class="oracle.ide.ceditor.options.S2Style" name="base-brace-style" usepfg="true" frgb="-1579033" usepbg="true" brgb="-15328735" usepfont="true" font="0"/>
                  <Item class="oracle.ide.ceditor.options.S2Style" name="base-operator-style" usepfg="true" frgb="-1579033" usepbg="true" brgb="-15328735" usepfont="true" font="0"/>
                  <Item class="oracle.ide.ceditor.options.S2Style" name="base-markup-style" usepfg="false" frgb="-5904385" usepbg="true" brgb="-15328735" usepfont="true" font="0"/>
                  <Item class="oracle.ide.ceditor.options.S2Style" name="base-element-style" usepfg="false" frgb="-5898241" usepbg="true" brgb="-15328735" usepfont="false" font="1"/>
                  <Item class="oracle.ide.ceditor.options.S2Style" name="base-attribute-name-style" usepfg="false" frgb="-75" usepbg="true" brgb="-15328735" usepfont="true" font="0"/>
                  <Item class="oracle.ide.ceditor.options.S2Style" name="base-attribute-value-style" usepfg="false" frgb="-7020801" usepbg="true" brgb="-15328735" usepfont="true" font="0"/>
                  <Item class="oracle.ide.ceditor.options.S2Style" name="base-attribute-header-style" usepfg="false" frgb="-13026965" usepbg="true" brgb="-15328735" usepfont="true" font="0"/>
                  <Item class="oracle.ide.ceditor.options.S2Style" name="base-attribute-addition-style" usepfg="false" frgb="-16711936" usepbg="true" brgb="-15328735" usepfont="true" font="0"/>
                  <Item class="oracle.ide.ceditor.options.S2Style" name="base-attribute-removal-style" usepfg="false" frgb="-57055" usepbg="true" brgb="-15328735" usepfont="true" font="0"/>
                  <Item class="oracle.ide.ceditor.options.S2Style" name="java-comment-style" usepfg="true" frgb="-23131" usepbg="true" brgb="-15328735" usepfont="true" font="0"/>
                  <Item class="oracle.ide.ceditor.options.S2Style" name="java-string-style" usepfg="true" frgb="-75" usepbg="true" brgb="-15328735" usepfont="true" font="0"/>
                  <Item class="oracle.ide.ceditor.options.S2Style" name="java-keyword-style" usepfg="true" frgb="-5904385" usepbg="true" brgb="-15328735" usepfont="true" font="0"/>
                  <Item class="oracle.ide.ceditor.options.S2Style" name="java-literals-style" usepfg="false" frgb="-10040065" usepbg="true" brgb="-15328735" usepfont="true" font="0"/>
                  <Item class="oracle.ide.ceditor.options.S2Style" name="java-number-style" usepfg="true" frgb="-5904385" usepbg="true" brgb="-15328735" usepfont="true" font="0"/>
                  <Item class="oracle.ide.ceditor.options.S2Style" name="java-identifier-style" usepfg="true" frgb="-1579033" usepbg="true" brgb="-15328735" usepfont="true" font="0"/>
                  <Item class="oracle.ide.ceditor.options.S2Style" name="java-operator-style" usepfg="true" frgb="-1579033" usepbg="true" brgb="-15328735" usepfont="true" font="0"/>
                  <Item class="oracle.ide.ceditor.options.S2Style" name="java-brace-style" usepfg="true" frgb="-1579033" usepbg="true" brgb="-15328735" usepfont="true" font="0"/>
                  <Item class="oracle.ide.ceditor.options.S2Style" name="java-sqlj-style" usepfg="false" frgb="-13312" usepbg="true" brgb="-15328735" usepfont="true" font="0"/>
                  <Item class="oracle.ide.ceditor.options.S2Style" name="javadoc-comment-style" usepfg="false" frgb="-103" usepbg="true" brgb="-15328735" usepfont="true" font="0"/>
                  <Item class="oracle.ide.ceditor.options.S2Style" name="javadoc-tag-text-style" usepfg="true" frgb="-103" usepbg="true" brgb="-15328735" usepfont="true" font="0"/>
                  <Item class="oracle.ide.ceditor.options.S2Style" name="javadoc-tag-style" usepfg="true" frgb="-103" usepbg="true" brgb="-15328735" usepfont="false" font="1"/>
                  <Item class="oracle.ide.ceditor.options.S2Style" name="html-comment-style" usepfg="true" frgb="-23131" usepbg="true" brgb="-15328735" usepfont="true" font="0"/>
                  <Item class="oracle.ide.ceditor.options.S2Style" name="html-symbol-style" usepfg="true" frgb="-5904385" usepbg="true" brgb="-15328735" usepfont="true" font="0"/>
                  <Item class="oracle.ide.ceditor.options.S2Style" name="html-element-style" usepfg="true" frgb="-5898241" usepbg="true" brgb="-15328735" usepfont="true" font="1"/>
                  <Item class="oracle.ide.ceditor.options.S2Style" name="html-attribute-name-style" usepfg="true" frgb="-75" usepbg="true" brgb="-15328735" usepfont="true" font="0"/>
                  <Item class="oracle.ide.ceditor.options.S2Style" name="html-attribute-value-style" usepfg="true" frgb="-7020801" usepbg="true" brgb="-15328735" usepfont="true" font="0"/>
                  <Item class="oracle.ide.ceditor.options.S2Style" name="css-comment-style" usepfg="true" frgb="-23131" usepbg="true" brgb="-15328735" usepfont="true" font="0"/>
                  <Item class="oracle.ide.ceditor.options.S2Style" name="css-at-rule-style" usepfg="true" frgb="-5904385" usepbg="true" brgb="-15328735" usepfont="false" font="3"/>
                  <Item class="oracle.ide.ceditor.options.S2Style" name="css-selector-style" usepfg="true" frgb="-5898241" usepbg="true" brgb="-15328735" usepfont="true" font="1"/>
                  <Item class="oracle.ide.ceditor.options.S2Style" name="css-property-style" usepfg="false" frgb="-10040116" usepbg="true" brgb="-15328735" usepfont="true" font="0"/>
                  <Item class="oracle.ide.ceditor.options.S2Style" name="css-error-style" usepfg="false" frgb="-52429" usepbg="true" brgb="-15328735" usepfont="false" font="2"/>
                  <Item class="oracle.ide.ceditor.options.S2Style" name="css-identifier-style" usepfg="false" frgb="-3342337" usepbg="true" brgb="-15328735" usepfont="false" font="1"/>
                  <Item class="oracle.ide.ceditor.options.S2Style" name="css-unit-style" usepfg="true" frgb="-5904385" usepbg="true" brgb="-15328735" usepfont="true" font="0"/>
                  <Item class="oracle.ide.ceditor.options.S2Style" name="css-string-style" usepfg="true" frgb="-75" usepbg="true" brgb="-15328735" usepfont="true" font="0"/>
                  <Item class="oracle.ide.ceditor.options.S2Style" name="css-function-style" usepfg="false" frgb="-13210" usepbg="true" brgb="-15328735" usepfont="true" font="0"/>
                  <Item class="oracle.ide.ceditor.options.S2Style" name="css-important-style" usepfg="false" frgb="-3407872" usepbg="true" brgb="-15328735" usepfont="false" font="1"/>
                  <Item class="oracle.ide.ceditor.options.S2Style" name="css-medium-style" usepfg="false" frgb="-6684673" usepbg="true" brgb="-15328735" usepfont="true" font="0"/>
                  <Item class="oracle.ide.ceditor.options.S2Style" name="css-uri-style" usepfg="false" frgb="-3368500" usepbg="true" brgb="-15328735" usepfont="true" font="0"/>
                  <Item class="oracle.ide.ceditor.options.S2Style" name="plsql-comment-style" usepfg="false" frgb="-10062725" usepbg="true" brgb="-15328735" usepfont="true" font="0"/>
                  <Item class="oracle.ide.ceditor.options.S2Style" name="plsql-string-style" usepfg="false" frgb="-1280512" usepbg="true" brgb="-15328735" usepfont="true" font="0"/>
                  <Item class="oracle.ide.ceditor.options.S2Style" name="plsql-keyword-style" usepfg="false" frgb="-7092381" usepbg="true" brgb="-15328735" usepfont="true" font="0"/>
                  <Item class="oracle.ide.ceditor.options.S2Style" name="plsql-identifier-style" usepfg="false" frgb="-1579033" usepbg="true" brgb="-15328735" usepfont="true" font="0"/>
                  <Item class="oracle.ide.ceditor.options.S2Style" name="plsql-number-style" usepfg="false" frgb="-13022" usepbg="true" brgb="-15328735" usepfont="true" font="0"/>
                  <Item class="oracle.ide.ceditor.options.S2Style" name="plsql-brace-style" usepfg="true" frgb="-1579033" usepbg="true" brgb="-15328735" usepfont="true" font="0"/>
                  <Item class="oracle.ide.ceditor.options.S2Style" name="plsql-operator-style" usepfg="true" frgb="-1579033" usepbg="true" brgb="-15328735" usepfont="true" font="0"/>
                  <Item class="oracle.ide.ceditor.options.S2Style" name="properties-comment-style" usepfg="true" frgb="-23131" usepbg="true" brgb="-15328735" usepfont="true" font="0"/>
                  <Item class="oracle.ide.ceditor.options.S2Style" name="properties-name-style" usepfg="true" frgb="-75" usepbg="true" brgb="-15328735" usepfont="true" font="0"/>
                  <Item class="oracle.ide.ceditor.options.S2Style" name="properties-value-style" usepfg="true" frgb="-7020801" usepbg="true" brgb="-15328735" usepfont="true" font="0"/>
                  <Item class="oracle.ide.ceditor.options.S2Style" name="idl-comment-style" usepfg="true" frgb="-23131" usepbg="true" brgb="-15328735" usepfont="true" font="0"/>
                  <Item class="oracle.ide.ceditor.options.S2Style" name="idl-string-style" usepfg="true" frgb="-75" usepbg="true" brgb="-15328735" usepfont="true" font="0"/>
                  <Item class="oracle.ide.ceditor.options.S2Style" name="idl-keyword-style" usepfg="true" frgb="-5904385" usepbg="true" brgb="-15328735" usepfont="true" font="0"/>
                  <Item class="oracle.ide.ceditor.options.S2Style" name="idl-identifier-style" usepfg="true" frgb="-1579033" usepbg="true" brgb="-15328735" usepfont="true" font="0"/>
                  <Item class="oracle.ide.ceditor.options.S2Style" name="idl-number-style" usepfg="true" frgb="-5904385" usepbg="true" brgb="-15328735" usepfont="true" font="0"/>
                  <Item class="oracle.ide.ceditor.options.S2Style" name="idl-brace-style" usepfg="true" frgb="-1579033" usepbg="true" brgb="-15328735" usepfont="true" font="0"/>
                  <Item class="oracle.ide.ceditor.options.S2Style" name="idl-operator-style" usepfg="true" frgb="-1579033" usepbg="true" brgb="-15328735" usepfont="true" font="0"/>
                  <Item class="oracle.ide.ceditor.options.S2Style" name="c++-comment-style" usepfg="true" frgb="-23131" usepbg="true" brgb="-15328735" usepfont="true" font="0"/>
                  <Item class="oracle.ide.ceditor.options.S2Style" name="c++-string-style" usepfg="true" frgb="-75" usepbg="true" brgb="-15328735" usepfont="true" font="0"/>
                  <Item class="oracle.ide.ceditor.options.S2Style" name="c++-keyword-style" usepfg="true" frgb="-5904385" usepbg="true" brgb="-15328735" usepfont="true" font="0"/>
                  <Item class="oracle.ide.ceditor.options.S2Style" name="c++-identifier-style" usepfg="true" frgb="-1579033" usepbg="true" brgb="-15328735" usepfont="true" font="0"/>
                  <Item class="oracle.ide.ceditor.options.S2Style" name="c++-number-style" usepfg="true" frgb="-5904385" usepbg="true" brgb="-15328735" usepfont="true" font="0"/>
                  <Item class="oracle.ide.ceditor.options.S2Style" name="c++-brace-style" usepfg="true" frgb="-1579033" usepbg="true" brgb="-15328735" usepfont="true" font="0"/>
                  <Item class="oracle.ide.ceditor.options.S2Style" name="c++-operator-style" usepfg="true" frgb="-1579033" usepbg="true" brgb="-15328735" usepfont="true" font="0"/>
                  <Item class="oracle.ide.ceditor.options.S2Style" name="diff-header-style" usepfg="true" frgb="-13026965" usepbg="true" brgb="-15328735" usepfont="true" font="0"/>
                  <Item class="oracle.ide.ceditor.options.S2Style" name="diff-addition-style" usepfg="true" frgb="-16711936" usepbg="true" brgb="-15328735" usepfont="true" font="0"/>
                  <Item class="oracle.ide.ceditor.options.S2Style" name="diff-removal-style" usepfg="true" frgb="-57055" usepbg="true" brgb="-15328735" usepfont="true" font="0"/>
                  <Item class="oracle.ide.ceditor.options.S2Style" name="xml-comment-style" usepfg="true" frgb="-23131" usepbg="true" brgb="-15328735" usepfont="true" font="0"/>
                  <Item class="oracle.ide.ceditor.options.S2Style" name="xml-document-type-style" usepfg="false" frgb="-12566464" usepbg="true" brgb="-15328735" usepfont="true" font="0"/>
                  <Item class="oracle.ide.ceditor.options.S2Style" name="xml-cdata-style" usepfg="false" frgb="-1" usepbg="false" brgb="-16777216" usepfont="false" font="0"/>
                  <Item class="oracle.ide.ceditor.options.S2Style" name="xml-text-style" usepfg="false" frgb="-1" usepbg="false" brgb="-16777216" usepfont="false" font="0"/>
                  <Item class="oracle.ide.ceditor.options.S2Style" name="xml-processing-instruction-style" usepfg="false" frgb="-5263441" usepbg="true" brgb="-15328735" usepfont="true" font="0"/>
                  <Item class="oracle.ide.ceditor.options.S2Style" name="xml-symbol-style" usepfg="true" frgb="-5904385" usepbg="true" brgb="-15328735" usepfont="true" font="0"/>
                  <Item class="oracle.ide.ceditor.options.S2Style" name="xml-element-style" usepfg="true" frgb="-5898241" usepbg="true" brgb="-15328735" usepfont="true" font="1"/>
                  <Item class="oracle.ide.ceditor.options.S2Style" name="xml-attribute-name-style" usepfg="true" frgb="-75" usepbg="true" brgb="-15328735" usepfont="true" font="0"/>
                  <Item class="oracle.ide.ceditor.options.S2Style" name="xml-attribute-value-style" usepfg="true" frgb="-7020801" usepbg="true" brgb="-15328735" usepfont="true" font="0"/>
                  <Item class="oracle.ide.ceditor.options.S2Style" name="olapdml-comment-style" usepfg="true" frgb="-23131" usepbg="true" brgb="-15328735" usepfont="true" font="0"/>
                  <Item class="oracle.ide.ceditor.options.S2Style" name="olapdml-string-style" usepfg="true" frgb="-75" usepbg="true" brgb="-15328735" usepfont="true" font="0"/>
                  <Item class="oracle.ide.ceditor.options.S2Style" name="olapdml-keyword-style" usepfg="true" frgb="-5904385" usepbg="true" brgb="-15328735" usepfont="true" font="0"/>
                  <Item class="oracle.ide.ceditor.options.S2Style" name="olapdml-identifier-style" usepfg="true" frgb="-1579033" usepbg="true" brgb="-15328735" usepfont="true" font="0"/>
                  <Item class="oracle.ide.ceditor.options.S2Style" name="olapdml-number-style" usepfg="true" frgb="-5904385" usepbg="true" brgb="-15328735" usepfont="true" font="0"/>
                  <Item class="oracle.ide.ceditor.options.S2Style" name="olapdml-brace-style" usepfg="true" frgb="-1579033" usepbg="true" brgb="-15328735" usepfont="true" font="0"/>
                  <Item class="oracle.ide.ceditor.options.S2Style" name="olapdml-operator-style" usepfg="true" frgb="-1579033" usepbg="true" brgb="-15328735" usepfont="true" font="0"/>
                  <Item class="oracle.ide.ceditor.options.S2Style" name="olapi-comment-style" usepfg="true" frgb="-23131" usepbg="true" brgb="-15328735" usepfont="true" font="0"/>
                  <Item class="oracle.ide.ceditor.options.S2Style" name="olapi-string-style" usepfg="true" frgb="-75" usepbg="true" brgb="-15328735" usepfont="true" font="0"/>
                  <Item class="oracle.ide.ceditor.options.S2Style" name="olapi-keyword-style" usepfg="true" frgb="-5904385" usepbg="true" brgb="-15328735" usepfont="true" font="0"/>
                  <Item class="oracle.ide.ceditor.options.S2Style" name="olapi-identifier-style" usepfg="true" frgb="-1579033" usepbg="true" brgb="-15328735" usepfont="true" font="0"/>
                  <Item class="oracle.ide.ceditor.options.S2Style" name="olapi-number-style" usepfg="true" frgb="-5904385" usepbg="true" brgb="-15328735" usepfont="true" font="0"/>
                  <Item class="oracle.ide.ceditor.options.S2Style" name="olapi-brace-style" usepfg="true" frgb="-1579033" usepbg="true" brgb="-15328735" usepfont="true" font="0"/>
                  <Item class="oracle.ide.ceditor.options.S2Style" name="olapi-operator-style" usepfg="true" frgb="-1579033" usepbg="true" brgb="-15328735" usepfont="true" font="0"/>
                  <Item class="oracle.ide.ceditor.options.S2Style" name="js-comment-style" usepfg="true" frgb="-1579033" usepbg="true" brgb="-15328735" usepfont="true" font="0"/>
                  <Item class="oracle.ide.ceditor.options.S2Style" name="js-string-style" usepfg="true" frgb="-1579033" usepbg="true" brgb="-15328735" usepfont="true" font="0"/>
                  <Item class="oracle.ide.ceditor.options.S2Style" name="js-keyword-style" usepfg="true" frgb="-1579033" usepbg="true" brgb="-15328735" usepfont="true" font="0"/>
                  <Item class="oracle.ide.ceditor.options.S2Style" name="js-identifier-style" usepfg="true" frgb="-1579033" usepbg="true" brgb="-15328735" usepfont="true" font="0"/>
                  <Item class="oracle.ide.ceditor.options.S2Style" name="js-number-style" usepfg="true" frgb="-1579033" usepbg="true" brgb="-15328735" usepfont="true" font="0"/>
                  <Item class="oracle.ide.ceditor.options.S2Style" name="js-brace-style" usepfg="true" frgb="-1579033" usepbg="true" brgb="-15328735" usepfont="true" font="0"/>
                  <Item class="oracle.ide.ceditor.options.S2Style" name="js-operator-style" usepfg="true" frgb="-1579033" usepbg="true" brgb="-15328735" usepfont="true" font="0"/>
                  <Item class="oracle.ide.ceditor.options.S2Style" name="js-regex-style" usepfg="true" frgb="-1579033" usepbg="true" brgb="-15328735" usepfont="true" font="0"/>
                  <Item class="oracle.ide.ceditor.options.S2Style" name="json-comment-style" usepfg="false" frgb="-23131" usepbg="true" brgb="-15328735" usepfont="true" font="0"/>
                  <Item class="oracle.ide.ceditor.options.S2Style" name="json-name-style" usepfg="false" frgb="-75" usepbg="true" brgb="-15328735" usepfont="true" font="0"/>
                  <Item class="oracle.ide.ceditor.options.S2Style" name="json-value-style" usepfg="false" frgb="-7020801" usepbg="true" brgb="-15328735" usepfont="true" font="0"/>
                  <Item class="oracle.ide.ceditor.options.S2Style" name="json-number-style" usepfg="false" frgb="-5904385" usepbg="true" brgb="-15328735" usepfont="true" font="0"/>
                  <Item class="oracle.ide.ceditor.options.S2Style" name="json-brace-style" usepfg="true" frgb="-1579033" usepbg="true" brgb="-15328735" usepfont="true" font="0"/>
                  <Item class="oracle.ide.ceditor.options.S2Style" name="json-constants-style" usepfg="false" frgb="-5904385" usepbg="true" brgb="-15328735" usepfont="false" font="0"/>
                  <Item class="oracle.ide.ceditor.options.S2Style" name="json-separators-style" usepfg="true" frgb="-1579033" usepbg="true" brgb="-15328735" usepfont="true" font="0"/>
                  <Item class="oracle.ide.ceditor.options.S2Style" name="xml-declaration-style" usepfg="false" frgb="-6684775" usepbg="true" brgb="-15328735" usepfont="true" font="0"/>
                  <Item class="oracle.ide.ceditor.options.S2Style" name="xquery-keyword-style" usepfg="true" frgb="-1579033" usepbg="true" brgb="-15328735" usepfont="true" font="0"/>
                  <Item class="oracle.ide.ceditor.options.S2Style" name="xquery-comment-style" usepfg="true" frgb="-1579033" usepbg="true" brgb="-15328735" usepfont="true" font="0"/>
                  <Item class="oracle.ide.ceditor.options.S2Style" name="xquery-variable-style" usepfg="true" frgb="-1579033" usepbg="true" brgb="-15328735" usepfont="true" font="0"/>
                  <Item class="oracle.ide.ceditor.options.S2Style" name="xquery-string-style" usepfg="true" frgb="-1579033" usepbg="true" brgb="-15328735" usepfont="true" font="0"/>
                  <Item class="oracle.ide.ceditor.options.S2Style" name="xquery-operator-style" usepfg="true" frgb="-1579033" usepbg="true" brgb="-15328735" usepfont="true" font="0"/>
                  <Item class="oracle.ide.ceditor.options.S2Style" name="xquery-number-style" usepfg="true" frgb="-1579033" usepbg="true" brgb="-15328735" usepfont="true" font="0"/>
                  <Item class="oracle.ide.ceditor.options.S2Style" name="xquery-brace-style" usepfg="true" frgb="-1579033" usepbg="true" brgb="-15328735" usepfont="true" font="0"/>
                  <Item class="oracle.ide.ceditor.options.S2Highlight" name="code-highlight" enabled="true" priority="75" usefg="false" frgb="0" usebg="true" brgb="-256" fs="0" us="-1" urgb="0"/>
                  <Item class="oracle.ide.ceditor.options.S2Highlight" name="code-highlight-secondary" enabled="true" priority="76" usefg="true" frgb="-16777216" usebg="true" brgb="-10686" fs="0" us="-1" urgb="0"/>
                  <Item class="oracle.ide.ceditor.options.S2Highlight" name="brace-match1-highlight" enabled="true" priority="80" usefg="true" frgb="-16777216" usebg="true" brgb="-16711681" fs="0" us="-1" urgb="0"/>
                  <Item class="oracle.ide.ceditor.options.S2Highlight" name="brace-match2-highlight" enabled="true" priority="80" usefg="true" frgb="-16777216" usebg="true" brgb="-13395508" fs="0" us="-1" urgb="0"/>
                  <Item class="oracle.ide.ceditor.options.S2Highlight" name="brace-mismatch-highlight" enabled="true" priority="80" usefg="true" frgb="-16777216" usebg="true" brgb="-52429" fs="0" us="-1" urgb="0"/>
                  <Item class="oracle.ide.ceditor.options.S2Highlight" name="enclosing-parens-highlight" enabled="true" priority="79" usefg="true" frgb="-16777216" usebg="true" brgb="-2697473" fs="0" us="-1" urgb="0"/>
                  <Item class="oracle.ide.ceditor.options.S2Highlight" name="enclosing-block-highlight" enabled="true" priority="79" usefg="true" frgb="-16777216" usebg="true" brgb="-1059073" fs="0" us="-1" urgb="0"/>
                  <Item class="oracle.ide.ceditor.options.S2Highlight" name="find-results-highlight" enabled="true" priority="60" usefg="false" frgb="0" usebg="true" brgb="-12562863" fs="0" us="-1" urgb="0"/>
                  <Item class="oracle.ide.ceditor.options.S2Highlight" name="caret-line-highlight" enabled="true" priority="10" usefg="false" frgb="0" usebg="true" brgb="-13682372" fs="0" us="-1" urgb="0"/>
                  <Item class="oracle.ide.ceditor.options.S2Highlight" name="guarded-highlight" enabled="true" priority="90" usefg="false" frgb="0" usebg="true" brgb="-1644826" fs="0" us="-1" urgb="0"/>
                  <Item class="oracle.ide.ceditor.options.S2Highlight" name="inline-compare-addition" enabled="true" priority="20" usefg="true" frgb="-16777216" usebg="true" brgb="-3211314" fs="0" us="-1" urgb="0"/>
                  <Item class="oracle.ide.ceditor.options.S2Highlight" name="inline-compare-deletion" enabled="true" priority="20" usefg="true" frgb="-16777216" usebg="true" brgb="-12594" fs="0" us="-1" urgb="0"/>
                  <Item class="oracle.ide.ceditor.options.S2Highlight" name="inline-compare-update" enabled="true" priority="20" usefg="true" frgb="-16777216" usebg="true" brgb="-3223809" fs="0" us="-1" urgb="0"/>
                  <Item class="oracle.ide.ceditor.options.S2Highlight" name="inline-character-compare-addition" enabled="true" priority="100" usefg="true" frgb="-16777216" usebg="true" brgb="-6488164" fs="0" us="-1" urgb="0"/>
                  <Item class="oracle.ide.ceditor.options.S2Highlight" name="inline-character-compare-deletion" enabled="true" priority="100" usefg="true" frgb="-16777216" usebg="true" brgb="-25444" fs="0" us="-1" urgb="0"/>
                  <Item class="oracle.ide.ceditor.options.S2Highlight" name="inline-character-compare-update" enabled="true" priority="100" usefg="true" frgb="-16777216" usebg="true" brgb="-1" fs="0" us="-1" urgb="0"/>
                  <Item class="oracle.ide.ceditor.options.S2Highlight" name="inline-compare-conflict" enabled="true" priority="20" usefg="true" frgb="-16777216" usebg="true" brgb="-12594" fs="0" us="-1" urgb="0"/>
                  <Item class="oracle.ide.ceditor.options.S2Highlight" name="inline-compare-resolved" enabled="true" priority="20" usefg="true" frgb="-16777216" usebg="true" brgb="-3211314" fs="0" us="-1" urgb="0"/>
                  <Item class="oracle.ide.ceditor.options.S2Highlight" name="inline-compare-unchosen" enabled="true" priority="20" usefg="true" frgb="-16777216" usebg="true" brgb="-3223858" fs="0" us="-1" urgb="0"/>
                  <Item class="oracle.ide.ceditor.options.S2Highlight" name="inline-block-highlight-style" enabled="true" priority="50" usefg="false" frgb="0" usebg="false" brgb="0" fs="0" us="9" urgb="-5263461"/>
                  <Item class="oracle.ide.ceditor.options.S2Highlight" name="inline-selected-block-highlight-style" enabled="true" priority="20" usefg="false" frgb="0" usebg="false" brgb="0" fs="0" us="5" urgb="-16777216"/>
                  <Item class="oracle.ide.ceditor.options.S2Highlight" name="inline-character-add-highlight-style" enabled="true" priority="20" usefg="false" frgb="0" usebg="false" brgb="0" fs="0" us="-1" urgb="-16711936"/>
                  <Item class="oracle.ide.ceditor.options.S2Highlight" name="inline-character-delete_highlight-style" enabled="true" priority="20" usefg="false" frgb="0" usebg="false" brgb="0" fs="0" us="-1" urgb="-65536"/>
                  <Item class="oracle.ide.ceditor.options.S2Highlight" name="click-navigation" enabled="true" priority="70" usefg="true" frgb="-16776961" usebg="false" brgb="0" fs="0" us="0" urgb="-16776961"/>
                  <Item class="oracle.ide.ceditor.options.S2Highlight" name="disabled-breakpoint" enabled="false" priority="25" usefg="true" frgb="-16777216" usebg="true" brgb="-16711936" fs="0" us="-1" urgb="0"/>
                  <Item class="oracle.ide.ceditor.options.S2Highlight" name="enabled-breakpoint" enabled="true" priority="30" usefg="true" frgb="-16777216" usebg="true" brgb="-13108" fs="0" us="-1" urgb="0"/>
                  <Item class="oracle.ide.ceditor.options.S2Highlight" name="execution-point" enabled="true" priority="40" usefg="true" frgb="-1" usebg="true" brgb="-10053121" fs="0" us="-1" urgb="0"/>
                  <Item class="oracle.ide.ceditor.options.S2Highlight" name="oracle.dbtools.raptor.phighlight.HighlightAddin-E" enabled="true" priority="50" usefg="false" frgb="0" usebg="false" brgb="0" fs="0" us="3" urgb="-65536"/>
                  <Item class="oracle.ide.ceditor.options.S2Highlight" name="oracle.dbtools.raptor.phighlight.HighlightAddin-W" enabled="true" priority="50" usefg="false" frgb="0" usebg="false" brgb="0" fs="0" us="3" urgb="-14336"/>
                  <Item class="oracle.ide.ceditor.options.S2Highlight" name="oracle.dbtools.raptor.phighlight.HighlightAddin-D" enabled="true" priority="50" usefg="false" frgb="0" usebg="false" brgb="0" fs="0" us="4" urgb="-65281"/>
                  <Item class="oracle.ide.ceditor.options.S2Highlight" name="oracle.dbtools.raptor.phighlight.HighlightAddin-J" enabled="true" priority="50" usefg="false" frgb="0" usebg="false" brgb="0" fs="0" us="4" urgb="-14336"/>
                  <Item class="oracle.ide.ceditor.options.S2Highlight" name="bookmark-style" enabled="false" priority="20" usefg="false" frgb="0" usebg="true" brgb="-3342337" fs="0" us="-1" urgb="0"/>
                  <Item class="oracle.ide.ceditor.options.S2Highlight" name="olapdml-error-highlight-style" enabled="true" priority="50" usefg="false" frgb="0" usebg="false" brgb="0" fs="0" us="4" urgb="-65281"/>
                  <Item class="oracle.ide.ceditor.options.S2Highlight" name="olapdml-warning-highlight-style" enabled="true" priority="50" usefg="false" frgb="0" usebg="false" brgb="0" fs="0" us="3" urgb="-14336"/>
                  <Item class="oracle.ide.ceditor.options.S2Highlight" name="olapdml-fatal-highlight-style" enabled="true" priority="50" usefg="false" frgb="0" usebg="false" brgb="0" fs="0" us="3" urgb="-65536"/>
                  <Item class="oracle.ide.ceditor.options.S2Highlight" name="syntaxbuilder.squiggly" enabled="true" priority="2" usefg="false" frgb="0" usebg="false" brgb="0" fs="0" us="4" urgb="-65536"/>
                  <Item class="oracle.ide.ceditor.options.S2Highlight" name="syntaxbuilder.inner_selection" enabled="true" priority="100" usefg="false" frgb="0" usebg="true" brgb="-9463605" fs="0" us="-1" urgb="0"/>
                  <Item class="oracle.ide.ceditor.options.S2Highlight" name="highlight-selection" enabled="true" priority="100" usefg="false" frgb="0" usebg="true" brgb="-12562863" fs="0" us="-1" urgb="0"/>
                  <Item class="oracle.ide.ceditor.options.S2Highlight" name="audit-error" enabled="true" priority="60" usefg="false" frgb="0" usebg="false" brgb="0" fs="0" us="4" urgb="-65536"/>
                  <Item class="oracle.ide.ceditor.options.S2Highlight" name="audit-warning" enabled="true" priority="55" usefg="false" frgb="0" usebg="false" brgb="0" fs="0" us="4" urgb="-10587"/>
                  <Item class="oracle.ide.ceditor.options.S2Highlight" name="audit-incomplete" enabled="false" priority="50" usefg="false" frgb="0" usebg="false" brgb="0" fs="0" us="0" urgb="-8355712"/>
                  <Item class="oracle.ide.ceditor.options.S2Highlight" name="audit-advisory" enabled="false" priority="50" usefg="false" frgb="0" usebg="false" brgb="0" fs="0" us="0" urgb="-8355712"/>
                  <Item class="oracle.ide.ceditor.options.S2Highlight" name="audit-deprecated" enabled="true" priority="54" usefg="false" frgb="0" usebg="false" brgb="0" fs="0" us="10" urgb="-9211021"/>
                  <Item class="oracle.ide.ceditor.options.S2Highlight" name="audit-unused" enabled="true" priority="52" usefg="true" frgb="-9211021" usebg="false" brgb="0" fs="0" us="-1" urgb="0"/>
                  <Item class="oracle.ide.ceditor.options.S2Highlight" name="audit-todo" enabled="true" priority="52" usefg="true" frgb="-65281" usebg="false" brgb="0" fs="0" us="-1" urgb="0"/>
                  <Item class="oracle.ide.ceditor.options.S2Highlight" name="audit-constant" enabled="true" priority="49" usefg="true" frgb="-9210881" usebg="false" brgb="0" fs="1" us="-1" urgb="0"/>
                  <Item class="oracle.ide.ceditor.options.S2Highlight" name="audit-interface" enabled="false" priority="60" usefg="false" frgb="0" usebg="false" brgb="0" fs="0" us="-1" urgb="0"/>
                  <Item class="oracle.ide.ceditor.options.S2Highlight" name="audit-abstract-class" enabled="false" priority="60" usefg="false" frgb="0" usebg="false" brgb="0" fs="0" us="-1" urgb="0"/>
                  <Item class="oracle.ide.ceditor.options.S2Highlight" name="audit-class" enabled="false" priority="60" usefg="false" frgb="0" usebg="false" brgb="0" fs="0" us="-1" urgb="0"/>
                  <Item class="oracle.ide.ceditor.options.S2Highlight" name="audit-annotation" enabled="true" priority="60" usefg="true" frgb="-16748800" usebg="false" brgb="0" fs="0" us="-1" urgb="0"/>
                  <Item class="oracle.ide.ceditor.options.S2Highlight" name="audit-annotation-element" enabled="false" priority="60" usefg="false" frgb="0" usebg="false" brgb="0" fs="0" us="-1" urgb="0"/>
                  <Item class="oracle.ide.ceditor.options.S2Highlight" name="audit-instance-method" enabled="true" priority="60" usefg="true" frgb="-16777216" usebg="false" brgb="0" fs="1" us="-1" urgb="0"/>
                  <Item class="oracle.ide.ceditor.options.S2Highlight" name="audit-static-method" enabled="true" priority="60" usefg="true" frgb="-16777216" usebg="false" brgb="0" fs="1" us="-1" urgb="0"/>
                  <Item class="oracle.ide.ceditor.options.S2Highlight" name="audit-instance-field" enabled="false" priority="60" usefg="true" frgb="-16777024" usebg="false" brgb="0" fs="0" us="-1" urgb="0"/>
                  <Item class="oracle.ide.ceditor.options.S2Highlight" name="audit-static-field" enabled="false" priority="60" usefg="true" frgb="-16777024" usebg="false" brgb="0" fs="2" us="-1" urgb="0"/>
                  <Item class="oracle.ide.ceditor.options.S2Highlight" name="audit-constructor" enabled="true" priority="60" usefg="true" frgb="-16777216" usebg="false" brgb="0" fs="1" us="-1" urgb="0"/>
                  <Item class="oracle.ide.ceditor.options.S2Highlight" name="audit-parameter" enabled="false" priority="60" usefg="false" frgb="0" usebg="false" brgb="0" fs="0" us="-1" urgb="0"/>
                  <Item class="oracle.ide.ceditor.options.S2Highlight" name="audit-variable" enabled="false" priority="60" usefg="false" frgb="0" usebg="false" brgb="0" fs="0" us="-1" urgb="0"/>
                  <Item class="oracle.ide.ceditor.options.S2Highlight" name="folded-block-highlight" enabled="true" priority="99" usefg="false" frgb="0" usebg="false" brgb="0" fs="2" us="-1" urgb="0"/>
                  <Item class="oracle.ide.ceditor.options.S2Highlight" name="folding-fade-highlight" enabled="true" priority="100" usefg="false" frgb="0" usebg="true" brgb="-11382190" fs="0" us="-1" urgb="0"/>
                  <Item class="oracle.ide.ceditor.options.S2Highlight" name="tab-field" enabled="true" priority="75" usefg="false" frgb="0" usebg="true" brgb="-1579033" fs="0" us="-1" urgb="0"/>
                  <Item class="oracle.ide.ceditor.options.S2Highlight" name="todo-style" enabled="true" priority="20" usefg="true" frgb="-65281" usebg="false" brgb="0" fs="0" us="-1" urgb="0"/>
                  <Item class="oracle.ide.ceditor.options.S2Highlight" name="template-current-field" enabled="true" priority="75" usefg="false" frgb="0" usebg="true" brgb="-4144960" fs="0" us="-1" urgb="0"/>
                  <Item class="oracle.ide.ceditor.options.S2Highlight" name="java-class-separator-style" enabled="true" priority="50" usefg="false" frgb="0" usebg="false" brgb="0" fs="0" us="5" urgb="-4144960"/>
                  <Item class="oracle.ide.ceditor.options.S2Highlight" name="java-member-separator-style" enabled="true" priority="50" usefg="false" frgb="0" usebg="false" brgb="0" fs="0" us="9" urgb="-4144960"/>
                  <Item class="oracle.ide.ceditor.options.S2Highlight" name="oracle.jdevimpl.refactoring.highlight.HighlightControler" enabled="true" priority="75" usefg="false" frgb="0" usebg="true" brgb="-256" fs="0" us="-1" urgb="0"/>
                  <Item class="oracle.ide.ceditor.options.S2Highlight" name="profileStyle" enabled="true" priority="20" usefg="true" frgb="-16777216" usebg="true" brgb="-14336" fs="0" us="-1" urgb="0"/>
                  <Item class="oracle.ide.ceditor.options.S2Highlight" name="css-error-style" enabled="true" priority="50" usefg="false" frgb="0" usebg="false" brgb="0" fs="0" us="4" urgb="-65536"/>
                  <Item class="oracle.ide.ceditor.options.S2Highlight" name="css-style-separator-style" enabled="true" priority="50" usefg="false" frgb="0" usebg="false" brgb="0" fs="0" us="5" urgb="-4144960"/>
                  <Item class="oracle.ide.ceditor.options.S2Highlight" name="oracle.dbdev.phighlight.HighlightAddin-E" enabled="true" priority="50" usefg="false" frgb="0" usebg="false" brgb="0" fs="0" us="4" urgb="-65536"/>
                  <Item class="oracle.ide.ceditor.options.S2Highlight" name="oracle.dbdev.phighlight.HighlightAddin-W" enabled="true" priority="50" usefg="false" frgb="0" usebg="false" brgb="0" fs="0" us="4" urgb="-987136"/>
               </Value>
            </Item>