﻿학여울방면,일원방면,학여울방면,일원방면
평일,평일,주말,주말
05:26첫,05:53첫,05:29첫,05:53첫
수서구파발,압구정오금,수서대화,압구정오금
05:34첫,-,5:38,-
수서대화,-,오금대화,-
5:41,-,5:44,-
오금대화,-,수서구파발,-
5:48,-,5:51,-
오금대화,-,오금대화,-
5:53,-,5:57,-
수서구파발,-,수서구파발,-
5:59,-,6:03,6:11
오금대화,-,오금대화,독립문오금
6:07,6:11,6:09,6:24
수서구파발,독립문오금,수서구파발,구파발오금
6:11,6:24,6:15,6:32
오금대화,구파발오금,오금대화,구파발오금
6:15,6:32,6:21,6:40
수서구파발,구파발오금,수서구파발,구파발오금
6:20,6:42,6:28,6:47
오금대화,대화오금,오금대화,구파발오금
6:25,6:50,6:33,6:56
수서구파발,구파발오금,수서구파발,대화오금
6:30,6:57,6:40,-
수서대화,대화오금,오금대화,-
6:35,-,6:46,-
오금대화,-,오금대화,-
6:40,-,6:52,-
수서구파발,-,오금구파발,-
6:45,-,6:58,-
오금대화,-,오금대화,-
6:50,-,7:04,7:02
수서대화,-,오금구파발,구파발오금
6:55,-,7:10,7:11
오금대화,-,오금대화,대화오금
6:59,-,7:16,7:17
수서대화,-,오금구파발,구파발오금
7:03,7:03,7:22,7:23
오금대화,구파발오금,오금대화,대화오금
7:07,7:10,7:28,7:28
수서구파발,대화오금,오금구파발,구파발오금
7:11,7:16,7:33,7:36
오금대화,대화오금,오금대화,대화오금
7:16,7:22,7:38,7:41
오금구파발,구파발오금,오금대화,구파발오금
7:20,7:28,7:44,7:47
오금대화,대화오금,오금대화,대화오금
7:24,7:34,7:50,7:52
수서구파발,대화오금,오금구파발,구파발오금
7:28,7:39,7:56,7:59
오금대화,구파발오금,오금대화,대화오금
7:33,7:45,8:02,8:04
오금대화,대화오금,오금구파발,구파발오금
7:37,7:51,8:08,8:10
오금대화,구파발오금,오금대화,대화오금
7:41,7:55,8:14,8:17
오금구파발,대화오금,오금구파발,구파발오금
7:44,-,8:20,8:23
오금대화,-,오금대화,대화오금
7:48,-,8:28,8:29
수서구파발,-,오금구파발,구파발오금
7:52,-,8:34,8:36
오금대화,-,오금대화,대화오금
7:56,-,8:40,8:43
오금구파발,-,오금구파발,대화오금
7:59,-,8:46,8:50
오금대화,-,오금대화,구파발오금
8:03,8:00,8:52,8:57
수서구파발,구파발오금,오금구파발,대화오금
8:06,8:04,8:58,-
오금구파발,대화오금,오금대화,-
8:10,8:08,9:04,9:03
오금대화,구파발오금,오금구파발,구파발오금
8:13,8:12,9:10,9:10
오금구파발,대화오금,수서대화,대화오금
8:17,8:15,9:16,9:16
수서대화,구파발오금,오금구파발,구파발오금
8:21,8:21,9:22,9:22
오금구파발,대화수서,오금대화,대화오금
8:25,8:25,9:28,9:28
오금대화,구파발오금,오금대화,대화오금
8:29,8:29,9:34,9:34
오금대화,대화오금,오금대화,구파발오금
8:33,8:32,9:40,9:40
오금구파발,대화수서,오금구파발,대화오금
8:37,8:36,9:46,9:46
오금대화,구파발오금,오금대화,대화오금
8:41,8:40,9:52,9:52
오금구파발,대화오금,오금대화,대화오금
8:46,8:44,9:58,9:58
오금대화,구파발오금,오금구파발,대화오금
8:53,8:47,10:04,10:02
오금구파발,대화수서,오금대화,구파발오금
8:58,8:52,10:10,10:09
오금대화,구파발오금,오금대화,대화오금
-,8:56,10:16,10:15
-,대화오금,오금구파발,구파발오금
-,8:59,10:22,10:22
-,구파발오금,오금대화,대화오금
9:03,9:02,10:28,10:27
오금대화,대화오금,오금구파발,구파발오금
9:08,9:06,10:34,10:34
오금대화,구파발수서,오금대화,대화오금
9:13,9:10,10:40,10:40
오금구파발,대화오금,오금구파발,대화오금
9:19,9:14,10:46,10:45
오금대화,구파발수서,오금대화,구파발오금
9:24,9:18,10:52,10:52
오금대화,대화오금,오금대화,대화오금
9:27,9:22,10:58,10:58
오금구파발,대화오금,오금대화,대화오금
9:31,9:25,11:04,11:03
오금대화,대화오금,오금구파발,구파발오금
9:38,9:28,11:10,11:10
오금대화,구파발오금,오금대화,대화오금
9:44,9:32,11:16,11:15
오금구파발,대화오금,오금구파발,구파발오금
9:49,9:36,11:22,11:22
오금대화,대화오금,오금대화,대화오금
9:53,9:40,11:28,11:28
오금구파발,구파발오금,오금구파발,대화오금
9:58,9:44,11:34,11:35
오금구파발,대화오금,오금대화,대화오금
-,9:48,11:40,11:41
-,구파발수서,오금구파발,구파발오금
-,9:52,11:46,11:48
-,대화오금,오금대화,대화오금
-,9:56,11:52,11:55
-,구파발수서,오금구파발,구파발오금
10:03,10:00,11:58,-
오금대화,대화오금,오금대화,-
10:08,10:03,12:04,12:02
오금대화,구파발수서,오금구파발,대화오금
10:14,10:08,12:10,12:09
오금구파발,대화오금,오금대화,대화오금
10:20,10:12,12:16,12:16
오금대화,구파발오금,오금구파발,대화오금
10:26,10:18,12:22,12:22
오금구파발,대화오금,수서대화,대화오금
10:32,10:23,12:28,12:28
오금대화,구파발수서,오금구파발,구파발오금
10:38,10:28,12:34,12:34
오금대화,대화오금,오금대화,대화오금
10:45,10:33,12:40,12:40
오금대화,대화오금,오금구파발,구파발오금
10:52,10:39,12:46,12:46
오금구파발,대화오금,오금대화,대화오금
10:59,10:44,12:52,12:52
오금대화,대화오금,오금구파발,구파발오금
-,10:50,12:58,12:58
-,구파발수서,오금대화,대화오금
-,10:56,13:04,13:04
-,대화오금,오금구파발,구파발오금
11:06,11:02,13:10,13:10
오금구파발,대화오금,오금대화,대화오금
11:13,11:09,13:16,13:16
오금대화,대화오금,오금구파발,구파발오금
11:19,11:16,13:22,13:22
오금대화,구파발오금,오금대화,대화오금
11:26,11:23,13:28,13:28
오금대화,대화수서,오금구파발,구파발오금
11:33,11:31,13:34,13:34
오금구파발,대화오금,오금대화,대화오금
11:41,11:40,13:40,13:39
오금대화,대화오금,오금구파발,구파발오금
11:48,11:47,13:46,13:45
오금대화,대화오금,오금대화,대화오금
11:58,11:53,13:52,13:50
오금대화,구파발오금,오금구파발,구파발오금
-,11:59,13:58,13:55
-,대화수서,오금대화,대화오금
12:08,12:06,14:04,14:00
오금대화,대화오금,오금구파발,대화오금
12:17,12:11,14:09,14:05
오금대화,구파발오금,오금대화,구파발오금
12:26,12:18,14:15,14:11
오금대화,대화오금,오금구파발,대화오금
12:34,12:24,14:20,14:16
오금대화,구파발오금,오금대화,구파발오금
12:42,12:31,14:25,14:22
오금구파발,대화오금,오금대화,대화오금
12:50,12:37,14:30,14:28
오금대화,대화오금,오금구파발,구파발오금
12:57,12:44,14:35,14:34
오금대화,대화오금,오금대화,대화오금
-,12:50,14:41,14:40
-,구파발오금,오금구파발,구파발오금
-,12:56,14:46,14:46
-,대화오금,오금대화,대화오금
13:03,13:03,14:52,14:52
오금대화,대화오금,오금구파발,구파발오금
13:10,13:10,14:58,14:58
오금구파발,구파발오금,오금대화,대화오금
13:16,13:17,15:04,15:04
오금대화,대화오금,오금구파발,구파발오금
13:23,13:24,15:10,15:10
오금대화,대화오금,오금대화,대화오금
13:29,13:31,15:16,15:16
오금구파발,구파발오금,오금구파발,구파발오금
13:36,13:38,15:22,15:22
오금대화,대화오금,오금대화,대화오금
13:42,13:45,15:28,15:28
오금구파발,대화오금,오금구파발,구파발오금
13:49,13:54,15:34,15:34
오금대화,대화오금,오금대화,대화오금
13:55,-,15:40,15:40
오금대화,-,오금구파발,구파발오금
14:03,14:03,15:46,15:46
오금대화,대화오금,오금대화,대화오금
14:10,14:13,15:52,15:52
오금구파발,대화오금,오금구파발,구파발오금
14:18,14:22,15:58,15:58
오금대화,대화오금,오금대화,대화오금
14:27,14:30,16:04,16:04
오금대화,대화오금,오금구파발,구파발오금
14:36,14:38,16:10,16:10
오금대화,대화오금,오금대화,대화오금
14:45,14:46,16:16,16:16
오금대화,구파발오금,오금구파발,구파발오금
14:54,14:53,16:22,16:22
오금대화,대화오금,오금대화,대화오금
15:02,15:01,16:28,16:28
오금대화,대화오금,오금구파발,구파발오금
15:10,15:07,16:34,16:34
오금대화,구파발오금,오금대화,대화오금
15:18,15:13,16:40,16:40
오금대화,대화오금,오금대화,구파발오금
15:25,15:20,16:46,16:46
오금구파발,대화오금,오금대화,대화오금
15:32,15:26,16:52,16:52
오금대화,구파발오금,오금구파발,구파발오금
15:38,15:32,16:58,16:58
오금대화,대화오금,오금대화,대화오금
15:44,15:39,17:04,17:04
오금대화,대화오금,오금구파발,구파발오금
15:50,15:46,17:10,17:10
오금구파발,구파발오금,오금대화,대화오금
15:56,15:52,17:16,17:16
오금대화,대화오금,오금구파발,구파발오금
16:02,16:00,17:22,17:22
오금구파발,대화수서,오금대화,대화오금
16:08,16:06,17:28,17:28
오금대화,구파발오금,오금대화,구파발오금
16:14,16:13,17:34,17:34
오금대화,대화오금,오금구파발,대화수서
16:20,16:21,17:41,17:40
오금대화,대화오금,오금대화,구파발오금
16:28,16:29,17:48,17:46
수서대화,대화오금,오금구파발,대화오금
16:36,16:39,17:55,17:52
오금대화,대화오금,오금대화,구파발오금
16:44,16:49,-,17:58
오금대화,대화오금,-,대화오금
16:52,16:58,18:02,18:04
오금대화,대화오금,오금대화,구파발오금
16:56,-,18:09,18:10
수서구파발,-,오금구파발,대화오금
17:01,17:06,18:16,18:16
오금대화,대화오금,오금대화,구파발오금
17:08,17:14,18:22,18:22
오금구파발,대화오금,오금구파발,대화오금
17:14,17:22,18:28,18:28
오금대화,구파발오금,오금대화,구파발오금
17:20,17:30,18:34,18:35
오금구파발,대화오금,오금구파발,대화오금
17:25,17:35,18:40,18:40
수서대화,구파발오금,오금대화,구파발오금
17:30,17:41,18:46,18:47
오금구파발,대화오금,오금구파발,대화오금
17:34,17:46,18:52,18:53
오금대화,구파발오금,오금대화,구파발오금
17:39,17:50,18:58,18:59
수서구파발,대화오금,오금구파발,대화오금
17:43,17:55,19:04,19:05
오금대화,대화오금,오금대화,구파발오금
17:49,17:59,19:10,19:11
수서구파발,구파발오금,오금대화,대화오금
17:53,-,19:16,19:17
오금대화,-,오금대화,대화오금
17:58,-,19:22,19:23
오금대화,-,오금구파발,대화오금
18:02,18:03,19:28,19:29
오금구파발,대화오금,오금대화,대화오금
18:07,18:07,19:34,19:34
오금대화,구파발오금,오금구파발,구파발오금
18:11,18:11,19:40,19:41
오금구파발,대화오금,오금대화,대화오금
18:16,18:15,19:46,19:46
오금대화,구파발오금,오금구파발,구파발수서
18:20,18:19,19:53,19:53
오금구파발,대화오금,오금대화,대화오금
18:24,18:23,-,19:59
수서대화,구파발오금,-,구파발오금
18:28,18:29,20:00,20:05
오금구파발,대화오금,오금대화,대화오금
18:32,18:36,20:08,20:10
오금대화,대화오금,오금대화,구파발오금
18:36,18:41,20:16,20:17
오금구파발,대화오금,오금대화,대화오금
18:41,18:45,20:24,20:22
오금대화,구파발오금,오금대화,구파발오금
18:46,18:51,20:31,20:29
오금구파발,대화오금,오금대화,대화오금
18:51,18:54,20:38,20:34
오금대화,구파발수서,오금구파발,구파발오금
18:56,18:58,20:44,20:41
오금구파발,대화오금,오금대화,대화수서
19:01,19:03,20:50,20:46
오금대화,구파발오금,오금대화,구파발오금
19:06,19:07,20:57,20:53
오금구파발,대화오금,오금대화,대화수서
19:11,19:11,-,20:58
오금대화,구파발수서,-,구파발오금
19:16,19:15,21:04,21:05
오금대화,대화오금,오금구파발,대화오금
19:22,19:19,21:11,21:11
오금대화,구파발수서,오금대화,대화오금
19:27,19:23,21:18,21:17
오금구파발,대화오금,오금구파발,대화오금
19:32,19:26,21:25,21:22
오금대화,구파발오금,오금대화,구파발오금
19:37,19:31,21:32,21:29
오금구파발,대화오금,오금구파발,대화오금
19:43,19:35,21:39,21:34
오금대화,구파발오금,오금대화,구파발수서
19:49,19:39,21:46,21:41
오금대화,대화수서,오금대화,대화오금
19:54,19:44,21:54,21:46
오금구파발,구파발오금,오금구파발,구파발오금
-,19:48,-,21:53
-,대화오금,-,대화오금
-,19:53,-,21:58
-,대화오금,-,대화오금
-,19:58,22:02,22:05
-,구파발오금,오금대화,대화수서
20:00,20:03,22:10,22:13
오금대화,대화오금,오금구파발,대화오금
20:05,20:08,22:17,22:21
오금구파발,구파발오금,오금대화,대화오금
20:11,20:13,22:25,22:29
오금대화,대화수서,오금구파발,대화오금
20:16,20:18,22:34막,22:36
오금구파발,대화오금,오금대화,구파발오금
20:21,20:23,22:43,22:45
오금대화,구파발오금,오금구파발,대화수서
20:26,20:28,22:52,22:53
오금구파발,대화오금,오금구파발,대화오금
20:31,20:33,23:01,23:00
오금대화,구파발수서,오금구파발,구파발오금
20:36,20:38,23:10막,23:08
오금구파발,대화오금,오금구파발,대화수서
20:42,20:43,23:22막,23:15
오금대화,구파발오금,오금독립문,구파발오금
20:48,20:48,23:37막,23:23
오금대화,대화오금,오금압구정,대화수서
20:54,20:53,-,23:30
오금대화,구파발오금,-,대화오금
-,20:57,-,23:37
-,대화오금,-,구파발수서
21:00,21:03,-,23:43
오금구파발,대화오금,-,대화오금
21:05,21:08,-,23:51막
오금대화,구파발오금,-,대화오금
21:11,21:13,-,00:00막
오금대화,대화오금,-,대화수서
21:16,21:19,-,-
오금구파발,대화오금,-,-
21:21,21:25,-,-
오금대화,구파발수서,-,-
21:27,21:30,-,-
오금구파발,대화오금,-,-
21:32,21:35,-,-
오금대화,구파발오금,-,-
21:39,21:40,-,-
오금구파발,대화수서,-,-
21:46,21:47,-,-
오금대화,대화오금,-,-
21:53,21:54,-,-
오금대화,구파발오금,-,-
21:59,-,-,-
오금구파발,-,-,-
22:07,22:00,-,-
오금대화,대화오금,-,-
22:16,22:06,-,-
오금대화,구파발오금,-,-
22:25,22:12,-,-
오금구파발,대화수서,-,-
22:32,22:18,-,-
오금대화,대화오금,-,-
22:39,22:27,-,-
오금구파발,대화오금,-,-
22:48,22:37,-,-
오금대화,대화오금,-,-
22:56,22:44,-,-
오금구파발,대화오금,-,-
-,22:51,-,-
-,대화오금,-,-
-,22:59,-,-
-,대화오금,-,-
23:07,23:04,-,-
오금구파발,구파발수서,-,-
23:15막,23:11,-,-
오금대화,대화오금,-,-
23:24,23:19,-,-
오금구파발,대화수서,-,-
23:34,23:28,-,-
오금구파발,대화오금,-,-
23:46,23:36,-,-
오금구파발,구파발수서,-,-
-,23:46,-,-
-,대화오금,-,-
-,23:55,-,-
-,대화오금,-,-
00:03막,0:06,-,-
오금구파발,대화오금,-,-
00:18막,0:20,-,-
오금독립문,대화오금,-,-
00:37막,0:30,-,-
오금압구정,대화수서,-,-
-,00:38막,-,-
-,구파발오금,-,-
-,0:48,-,-
-,대화수서,-,-
-,00:56막,-,-
-,구파발수서,-,-
