﻿압구정방면,잠원방면,압구정방면,잠원방면
평일,평일,주말,주말
05:39첫,05:32첫,05:40첫,05:32첫
도곡대화,압구정오금,도곡대화,압구정오금
5:47,5:51,5:50,5:51
수서구파발,독립문오금,수서대화,독립문오금
5:55,-,5:58,-
수서대화,-,오금대화,-
6:01,6:04,6:04,6:04
오금대화,구파발오금,수서구파발,구파발오금
6:08,6:12,6:11,6:12
오금대화,구파발오금,오금대화,구파발오금
6:13,6:21,6:17,6:20
수서구파발,대화오금,수서구파발,구파발오금
6:20,6:30,6:24,6:27
오금대화,구파발오금,오금대화,구파발오금
6:27,6:37,6:29,6:35
수서구파발,대화오금,수서구파발,대화오금
6:31,6:43,6:35,6:42
오금대화,구파발오금,오금대화,구파발오금
6:36,6:49,6:41,6:50
수서구파발,대화오금,수서구파발,대화오금
6:40,6:56,6:48,6:56
오금대화,대화오금,오금대화,구파발오금
6:46,-,6:53,-
수서구파발,-,수서구파발,-
6:51,-,7:00,7:02
수서대화,-,오금대화,대화오금
6:55,-,7:06,7:08
오금대화,-,오금대화,구파발오금
7:00,7:02,7:12,7:15
수서구파발,구파발오금,오금구파발,대화오금
7:05,7:07,7:18,7:21
오금대화,대화오금,오금대화,구파발오금
7:10,7:13,7:24,7:26
수서대화,대화오금,오금구파발,대화오금
7:15,7:19,7:30,7:32
오금대화,구파발오금,오금대화,구파발오금
7:19,7:25,7:36,7:38
수서대화,대화오금,오금구파발,대화오금
7:23,7:30,7:42,7:44
오금대화,구파발오금,오금대화,구파발오금
7:27,7:35,7:48,7:49
수서구파발,대화오금,오금구파발,대화오금
7:31,7:39,7:53,7:57
오금대화,구파발오금,오금대화,구파발오금
7:36,7:43,7:58,-
오금구파발,대화오금,오금대화,-
7:40,7:47,8:04,8:02
오금대화,구파발오금,오금대화,대화오금
7:44,7:51,8:10,8:09
수서구파발,대화오금,오금구파발,구파발오금
7:48,7:55,8:16,8:15
오금대화,구파발오금,오금대화,대화오금
7:53,-,8:22,8:22
오금대화,-,오금구파발,대화오금
7:57,-,8:28,8:30
오금대화,-,오금대화,구파발오금
8:01,8:01,8:34,8:36
오금구파발,대화수서,오금구파발,대화오금
8:05,8:05,8:40,8:43
오금대화,구파발오금,오금대화,구파발오금
8:08,8:08,8:48,8:49
수서구파발,대화오금,오금구파발,대화오금
8:12,8:12,8:54,8:56
오금대화,대화수서,오금대화,구파발오금
8:16,8:16,9:00,9:01
오금구파발,구파발오금,오금구파발,대화오금
8:20,8:20,9:06,9:07
오금대화,대화오금,오금대화,대화오금
8:23,8:23,9:12,9:14
수서구파발,구파발오금,오금구파발,구파발오금
8:27,8:27,9:18,9:19
오금구파발,대화수서,오금대화,대화오금
8:30,8:31,9:24,9:25
오금대화,구파발오금,오금구파발,대화오금
8:34,8:35,9:30,9:31
오금구파발,대화오금,수서대화,대화오금
8:37,8:38,9:36,9:37
수서대화,구파발오금,오금구파발,대화오금
8:41,8:41,9:42,9:42
오금구파발,대화오금,오금대화,구파발오금
8:45,8:45,9:48,9:48
오금대화,구파발수서,오금대화,대화오금
8:49,8:50,9:54,9:55
오금대화,대화오금,오금대화,구파발오금
8:53,8:53,10:00,10:01
오금구파발,구파발수서,오금구파발,대화오금
8:57,8:58,10:06,10:07
오금대화,대화오금,오금대화,구파발오금
9:01,9:01,10:12,10:13
오금구파발,대화오금,오금대화,대화오금
9:07,9:04,10:18,10:19
오금대화,대화오금,오금구파발,대화오금
9:13,9:07,10:24,10:25
오금구파발,구파발오금,오금대화,구파발오금
9:18,9:11,10:30,10:31
오금대화,대화오금,오금대화,대화오금
9:23,9:15,10:36,10:37
오금대화,대화오금,오금구파발,대화오금
9:28,9:19,10:42,10:43
오금대화,구파발오금,오금대화,구파발오금
9:34,9:23,10:48,10:49
오금구파발,대화오금,오금구파발,대화오금
9:40,9:27,10:54,10:55
오금대화,구파발수서,오금대화,구파발오금
9:44,9:31,11:00,11:01
오금대화,대화오금,오금구파발,대화오금
9:48,9:35,11:06,11:07
오금구파발,구파발수서,오금대화,대화오금
9:51,9:39,11:12,11:14
오금대화,대화오금,오금대화,대화오금
9:58,9:43,11:18,11:21
오금대화,구파발수서,오금대화,구파발오금
-,9:47,11:24,11:27
-,대화오금,오금구파발,대화오금
-,9:52,11:30,11:35
-,구파발오금,오금대화,구파발오금
-,9:57,11:36,11:41
-,대화오금,오금구파발,대화오금
10:04,10:02,11:42,11:48
오금구파발,구파발수서,오금대화,대화오금
10:09,10:07,11:48,11:55
오금대화,대화오금,오금구파발,대화오금
10:13,10:12,11:54,-
오금구파발,대화오금,오금대화,-
10:18,10:18,12:00,12:01
오금구파발,대화오금,오금구파발,대화오금
10:23,10:24,12:06,12:08
오금대화,대화오금,오금대화,구파발오금
10:29,10:30,12:12,12:13
오금대화,구파발수서,오금구파발,대화오금
10:34,10:35,12:18,12:20
오금구파발,대화오금,오금대화,구파발오금
10:40,10:41,12:24,12:25
오금대화,대화오금,오금구파발,대화오금
10:46,10:48,12:30,12:32
오금구파발,대화오금,오금대화,구파발오금
10:52,10:55,12:36,12:37
오금대화,구파발오금,오금구파발,대화오금
10:59,-,12:42,12:44
오금대화,-,수서대화,구파발오금
11:05,11:02,12:48,12:49
오금대화,대화수서,오금구파발,대화오금
11:12,11:10,12:54,12:56
오금구파발,대화오금,오금대화,구파발오금
11:19,11:19,13:00,13:01
오금대화,대화오금,오금구파발,대화오금
11:26,11:26,13:06,13:08
오금구파발,대화오금,오금대화,구파발오금
11:33,11:32,13:12,13:13
오금대화,구파발오금,오금구파발,대화오금
11:40,11:38,13:18,13:19
오금대화,대화수서,오금대화,구파발오금
11:46,11:45,13:24,13:24
오금대화,대화오금,오금구파발,대화오금
11:54,11:51,13:30,13:30
오금구파발,구파발오금,오금대화,구파발오금
-,11:57,13:36,13:34
-,대화오금,오금구파발,대화오금
12:01,12:04,13:42,13:39
오금대화,구파발오금,오금대화,대화오금
12:09,12:10,13:48,13:45
오금대화,대화오금,오금구파발,구파발오금
12:18,12:17,13:54,13:50
오금대화,대화오금,오금대화,대화오금
12:29,12:24,-,13:56
오금대화,대화오금,-,구파발오금
12:37,12:30,14:00,14:01
오금대화,구파발오금,오금구파발,대화오금
12:47,12:35,14:06,14:08
오금대화,대화오금,오금대화,구파발오금
12:54,12:42,14:12,14:13
오금대화,대화오금,오금구파발,대화오금
-,12:49,14:18,14:20
-,구파발오금,오금대화,구파발오금
-,12:56,14:24,14:25
-,대화오금,오금구파발,대화오금
13:02,13:03,14:29,14:32
오금구파발,대화오금,오금대화,구파발오금
13:10,13:10,14:35,14:37
오금대화,구파발오금,오금구파발,대화오금
13:17,13:17,14:40,14:44
오금대화,대화오금,오금대화,구파발오금
13:24,13:24,14:45,14:49
오금대화,대화오금,오금대화,대화오금
13:30,13:33,14:50,14:56
오금구파발,대화오금,오금구파발,구파발오금
13:37,13:42,14:55,-
오금대화,대화오금,오금대화,-
13:43,13:52,15:01,15:01
오금대화,대화오금,오금구파발,대화오금
13:49,-,15:06,15:08
오금구파발,-,오금대화,구파발오금
13:56,-,15:12,15:13
오금대화,-,오금구파발,대화오금
14:03,14:01,15:18,15:20
오금구파발,대화오금,오금대화,구파발오금
14:09,14:09,15:24,15:25
오금대화,대화오금,오금구파발,대화오금
14:16,14:18,15:30,15:32
오금대화,대화오금,오금대화,구파발오금
14:23,14:26,15:36,15:37
오금대화,구파발오금,오금구파발,대화오금
14:31,14:33,15:42,15:44
오금구파발,대화오금,오금대화,구파발오금
14:38,14:40,15:48,15:49
오금대화,대화오금,오금구파발,대화오금
14:47,14:46,15:54,15:56
오금대화,구파발오금,오금대화,구파발오금
14:56,14:52,16:00,16:01
오금대화,대화오금,오금구파발,대화오금
-,14:59,16:06,16:08
-,대화오금,오금대화,구파발오금
15:05,15:05,16:12,16:13
오금대화,구파발오금,오금구파발,대화오금
15:14,15:12,16:18,16:20
오금대화,대화오금,오금대화,구파발오금
15:23,15:19,16:24,16:25
오금대화,대화오금,오금구파발,대화오금
15:31,15:26,16:30,16:32
오금대화,구파발오금,오금대화,구파발오금
15:38,15:32,16:36,16:37
오금대화,대화오금,오금구파발,대화오금
15:46,15:39,16:42,16:44
오금구파발,대화수서,오금대화,구파발오금
15:53,15:45,16:48,16:49
오금대화,구파발오금,오금구파발,대화오금
15:58,15:52,16:54,16:56
오금대화,대화오금,오금대화,구파발오금
16:04,16:00,17:00,17:01
오금대화,대화오금,오금대화,대화오금
16:10,16:09,17:06,17:08
오금구파발,대화오금,오금대화,구파발오금
16:16,16:19,17:12,17:13
오금대화,대화오금,오금구파발,대화수서
16:22,16:28,17:18,17:20
오금구파발,대화오금,오금대화,구파발오금
16:28,16:37,17:24,17:25
오금대화,대화오금,오금구파발,대화오금
16:34,16:46,17:30,17:32
오금대화,대화오금,오금대화,구파발오금
16:40,16:54,17:36,17:37
오금대화,대화오금,오금구파발,대화오금
16:48,-,17:42,17:44
수서대화,-,오금대화,구파발오금
16:56,-,17:48,17:49
오금대화,-,오금대화,대화오금
17:04,17:02,17:54,17:56
오금대화,구파발오금,오금구파발,구파발오금
17:12,17:09,18:01,18:01
오금대화,대화오금,오금대화,대화오금
17:16,17:15,18:08,18:08
수서구파발,구파발오금,오금구파발,구파발오금
17:21,17:20,18:15,18:14
오금대화,대화오금,오금대화,대화오금
17:28,17:25,18:22,18:20
오금구파발,구파발오금,오금대화,구파발오금
17:34,17:30,18:29,18:26
오금대화,대화오금,오금구파발,대화오금
17:40,17:34,18:36,18:33
오금구파발,대화오금,오금대화,구파발오금
17:45,17:38,18:42,18:38
수서대화,구파발오금,오금구파발,대화오금
17:50,17:42,18:48,18:45
오금구파발,대화오금,오금대화,구파발오금
17:54,17:46,18:54,18:50
오금대화,구파발오금,오금구파발,대화오금
17:59,17:50,-,18:57
수서구파발,대화오금,-,대화오금
-,17:54,19:00,19:02
-,구파발오금,오금대화,대화오금
-,17:59,19:06,19:08
-,대화오금,오금구파발,대화오금
18:04,18:02,19:12,19:14
오금대화,구파발오금,오금대화,구파발오금
18:09,18:09,19:18,19:20
수서구파발,대화오금,오금구파발,대화오금
18:14,18:15,19:24,19:26
오금대화,대화오금,오금대화,구파발수서
18:18,18:20,19:31,19:32
오금대화,대화오금,오금대화,대화오금
18:23,18:25,19:36,19:38
오금구파발,구파발오금,오금대화,구파발오금
18:27,18:30,19:42,19:44
오금대화,대화오금,오금구파발,대화오금
18:32,18:34,19:48,19:50
오금구파발,구파발수서,오금대화,구파발오금
18:36,18:38,19:54,19:56
오금대화,대화오금,오금구파발,대화오금
18:40,18:42,20:00,20:02
오금구파발,구파발오금,오금대화,구파발오금
18:44,18:47,20:06,20:08
수서대화,대화오금,오금구파발,대화오금
18:49,18:50,20:13,20:14
오금구파발,구파발수서,오금대화,구파발오금
18:53,18:55,20:20,20:20
오금대화,대화오금,오금대화,대화수서
18:57,18:58,20:28,20:26
오금구파발,구파발수서,오금대화,구파발오금
19:01,19:02,20:36,20:32
오금대화,대화오금,오금대화,대화수서
19:06,19:06,20:44,20:38
오금구파발,구파발오금,오금대화,구파발오금
19:11,19:10,20:52,20:44
오금대화,대화오금,오금대화,대화오금
19:16,19:14,20:59,20:50
오금구파발,구파발오금,오금구파발,대화오금
19:21,19:19,-,20:56
오금대화,대화수서,-,대화오금
19:26,19:24,21:04,21:02
오금구파발,구파발오금,오금대화,구파발오금
19:31,19:27,21:10,21:08
오금대화,대화오금,오금대화,대화오금
19:36,19:32,21:17,21:14
오금대화,대화오금,오금대화,구파발수서
19:42,19:37,21:24,21:20
오금대화,구파발오금,오금구파발,대화오금
19:47,19:42,21:31,21:26
오금구파발,대화오금,오금대화,구파발오금
19:52,19:47,21:38,21:32
오금대화,구파발오금,오금구파발,대화오금
19:57,19:52,21:45,21:38
오금구파발,대화수서,오금대화,대화오금
-,19:57,21:52,21:44
-,대화오금,오금구파발,대화수서
20:03,20:02,21:59,21:52
오금대화,구파발오금,오금대화,대화오금
20:09,20:08,22:07,22:00
오금대화,대화오금,오금대화,대화오금
20:14,20:12,22:15,22:08
오금구파발,구파발수서,오금구파발,대화오금
20:20,20:17,22:22,22:16
오금대화,대화오금,오금대화,구파발오금
20:25,20:22,22:30,22:24
오금구파발,구파발오금,오금구파발,대화수서
20:31,20:27,22:37,22:32
오금대화,대화오금,오금대화,대화오금
20:36,20:32,22:46,22:40
오금구파발,구파발오금,오금구파발,구파발오금
20:41,20:37,22:55막,22:47
오금대화,대화오금,오금대화,대화수서
20:46,20:43,-,22:55
오금구파발,대화오금,-,구파발오금
20:51,20:48,23:04,23:02
오금대화,구파발오금,오금구파발,대화수서
20:56,20:53,23:13,23:10
오금구파발,대화오금,오금구파발,대화오금
-,20:59,23:22,23:16
-,대화오금,오금구파발,구파발수서
21:02,21:04,23:31막,23:23
오금대화,구파발수서,오금구파발,대화오금
21:08,21:09,23:43막,23:30막
오금대화,대화오금,오금독립문,대화오금
21:14,21:14,23:58막,23:39막
오금대화,구파발오금,오금압구정,대화수서
21:20,21:19,-,23:49막
오금구파발,대화수서,-,대화도곡
21:25,21:26,-,-
오금대화,대화오금,-,-
21:31,21:34,-,-
오금대화,구파발오금,-,-
21:36,21:39,-,-
오금구파발,대화오금,-,-
21:41,21:46,-,-
오금대화,구파발오금,-,-
21:47,21:51,-,-
오금구파발,대화수서,-,-
21:52,21:57,-,-
오금대화,대화오금,-,-
21:59,-,-,-
오금구파발,-,-,-
22:06,22:06,-,-
오금대화,대화오금,-,-
22:13,22:16,-,-
오금대화,대화오금,-,-
22:19,22:23,-,-
오금구파발,대화오금,-,-
22:27,22:30,-,-
오금대화,대화오금,-,-
22:36,22:38,-,-
오금대화,대화오금,-,-
22:45,22:44,-,-
오금구파발,구파발수서,-,-
22:52,22:50,-,-
오금대화,대화오금,-,-
22:59,22:59,-,-
오금구파발,대화수서,-,-
23:08,23:08,-,-
오금대화,대화오금,-,-
23:16,23:16,-,-
오금구파발,구파발수서,-,-
23:27,23:25,-,-
오금구파발,대화오금,-,-
23:35막,23:35,-,-
오금대화,대화오금,-,-
23:44,23:45,-,-
오금구파발,대화오금,-,-
23:54,23:59,-,-
오금구파발,대화오금,-,-
0:06,0:09,-,-
오금구파발,대화수서,-,-
00:23막,00:18막,-,-
오금구파발,구파발오금,-,-
00:39막,0:27,-,-
오금독립문,대화수서,-,-
00:57막,00:36막,-,-
오금압구정,구파발수서,-,-
-,00:45막,-,-
-,대화도곡,-,-
