﻿선릉방면,강남방면,선릉방면,강남방면
평일,평일,주말,주말
05:46첫,05:34첫,05:45첫,05:34첫
서울대입구성수(외선),삼성성수(내선),서울대입구성수(외선),삼성성수(내선)
5:59,5:51,5:58,5:50
신도림성수(외선),성수성수(내선),신도림성수(외선),성수성수(내선)
6:05,6:01,6:04,6:00
신도림성수(외선),성수성수(내선),신도림성수(외선),성수성수(내선)
6:11,6:08,6:10,6:08
홍대입구성수(외선),성수성수(내선),홍대입구성수(외선),성수성수(내선)
6:17,6:15,6:15,6:18
신도림성수(외선),성수성수(내선),신도림성수(외선),성수성수(내선)
6:22,6:19,6:21,6:23
을지로입구성수(외선),성수성수(내선),을지로입구성수(외선),성수성수(내선)
6:29,6:25,6:27,6:29
신도림성수(외선),성수성수(내선),신도림성수(외선),성수성수(내선)
6:37,6:31,6:33,6:35
성수성수(외선),성수성수(내선),신도림성수(외선),성수성수(내선)
6:42,6:38,6:39,6:41
신도림성수(외선),성수성수(내선),성수성수(외선),성수성수(내선)
6:47,6:44,6:44,6:47
성수성수(외선),성수성수(내선),신도림성수(외선),성수성수(내선)
6:52,6:48,6:50,6:53
신도림성수(외선),성수성수(내선),성수성수(외선),성수성수(내선)
6:57,6:51,6:57,6:59
성수성수(외선),성수성수(내선),성수성수(외선),성수성수(내선)
-,6:57,7:03,7:03
-,성수성수(내선),성수성수(외선),성수성수(내선)
7:02,7:01,7:09,7:07
신도림성수(외선),성수성수(내선),성수성수(외선),성수성수(내선)
7:07,7:04,7:15,7:13
성수성수(외선),성수성수(내선),성수성수(외선),성수성수(내선)
7:12,7:11,7:21,7:19
신도림성수(외선),성수성수(내선),성수성수(외선),성수성수(내선)
7:17,7:15,7:27,7:24
성수성수(외선),성수성수(내선),성수성수(외선),성수성수(내선)
7:22,7:18,7:33,7:29
신도림성수(외선),성수성수(내선),성수성수(외선),성수성수(내선)
7:26,7:22,7:39,7:35
성수성수(외선),성수성수(내선),성수성수(외선),성수성수(내선)
7:32,7:25,7:45,7:40
성수성수(외선),성수성수(내선),성수성수(외선),성수성수(내선)
7:36,7:29,7:51,7:46
성수성수(외선),성수성수(내선),성수성수(외선),성수성수(내선)
7:39,7:33,7:57,7:51
신도림성수(외선),성수성수(내선),성수성수(외선),성수성수(내선)
7:42,7:37,-,7:57
성수성수(외선),성수성수(내선),-,성수성수(내선)
7:45,7:40,8:02,8:02
성수성수(외선),성수성수(내선),성수성수(외선),성수성수(내선)
7:48,7:44,8:08,8:08
성수성수(외선),성수성수(내선),성수성수(외선),성수성수(내선)
7:51,7:47,8:14,8:13
신도림성수(외선),성수성수(내선),성수성수(외선),성수성수(내선)
7:54,7:51,8:18,8:19
성수성수(외선),성수성수(내선),신도림성수(외선),성수성수(내선)
7:57,7:54,8:22,8:24
성수성수(외선),성수성수(내선),성수성수(외선),성수성수(내선)
-,7:57,8:28,8:30
-,성수성수(내선),성수성수(외선),성수성수(내선)
8:00,8:00,8:34,8:35
성수성수(외선),성수성수(내선),성수성수(외선),성수성수(내선)
8:03,8:04,8:40,8:41
신도림성수(외선),성수성수(내선),성수성수(외선),성수성수(내선)
8:07,8:07,8:43,8:46
성수성수(외선),성수성수(내선),성수성수,성수성수(내선)
8:10,8:10,8:51,8:52
신도림성수(외선),성수성수(내선),성수성수(외선),성수성수(내선)
8:13,8:13,8:57,8:57
성수성수(외선),성수성수(내선),성수성수(외선),성수성수(내선)
8:15,8:17,9:03,9:03
신도림성수(외선),성수성수(내선),성수성수(외선),성수성수(내선)
8:18,8:20,9:08,9:08
신도림성수(외선),성수성수(내선),신도림성수(외선),성수성수(내선)
8:20,8:23,9:10,9:13
성수성수(외선),성수성수,성수성수,성수성수
8:23,8:26,9:15,9:19
신도림성수(외선),성수성수(내선),성수성수(외선),성수성수(내선)
8:25,8:30,9:20,9:25
성수성수(외선),성수성수(내선),성수성수(외선),성수성수(내선)
8:28,8:34,9:26,9:31
신도림성수(외선),성수성수(내선),성수성수(외선),성수성수(내선)
8:30,8:37,9:32,9:36
성수성수(외선),성수성수,성수성수(외선),성수성수(내선)
8:33,8:40,9:36,9:40
신도림성수(외선),성수성수(내선),신도림성수(외선),성수성수(내선)
8:35,8:44,9:38,9:42
성수성수(외선),성수성수(내선),성수성수,성수성수(내선)
8:38,8:48,9:43,9:48
신도림성수(외선),성수성수(내선),성수성수(외선),성수성수(내선)
8:40,8:51,9:48,9:53
성수성수,성수성수(내선),성수성수(외선),성수성수
8:43,8:55,9:53,9:58
신도림성수(외선),성수성수,성수성수(외선),성수성수(내선)
8:46,8:58,9:59,-
성수성수(외선),성수성수(내선),성수성수(외선),-
8:48,-,10:04,10:04
신도림성수(외선),-,성수성수(외선),성수성수(내선)
8:50,-,10:10,10:09
성수성수(외선),-,성수성수(외선),성수성수(내선)
8:53,-,10:15,10:14
성수성수(외선),-,성수성수(외선),성수성수(내선)
8:55,-,10:21,10:20
성수성수(외선),-,성수성수(외선),성수성수(내선)
8:59,-,10:26,10:26
성수성수(외선),-,신도림성수(외선),성수성수(내선)
9:02,9:02,10:32,10:31
성수성수(외선),성수성수(내선),성수성수(외선),성수성수
9:05,9:06,10:37,10:36
성수성수(외선),성수성수(내선),성수성수(외선),성수성수(내선)
9:09,9:10,10:43,10:42
성수성수(외선),성수성수(내선),성수성수(외선),성수성수(내선)
9:12,9:13,10:48,10:48
성수성수(외선),성수성수,성수성수(외선),성수성수(내선)
9:15,9:16,10:53,10:53
성수성수,성수성수(내선),신도림성수(외선),성수성수(내선)
9:17,9:19,10:57,10:56
성수성수(외선),성수성수(내선),성수성수(외선),성수성수(내선)
9:20,9:23,-,10:58
성수성수(외선),성수성수,-,성수성수(내선)
9:23,9:26,11:03,11:04
성수성수(외선),성수성수(내선),성수성수(외선),성수성수(내선)
9:26,9:29,11:08,11:09
성수성수,성수성수(내선),성수성수(외선),성수성수(내선)
9:29,9:32,11:13,11:14
성수성수(외선),성수성수(내선),성수성수(외선),성수성수(내선)
9:34,09:36첫,11:18,11:20
성수성수(외선),성수신도림,성수성수(외선),성수성수(내선)
9:38,9:39,11:23,11:27
성수성수,성수성수(내선),성수성수(외선),성수성수(내선)
9:41,9:42,11:28,11:33
성수성수(외선),성수성수(내선),성수성수(외선),성수성수(내선)
9:47,9:45,11:33,11:38
성수성수(외선),성수성수(내선),성수성수(외선),성수성수(내선)
9:49,9:47,11:39,11:43
성수성수(외선),성수신도림,성수성수(외선),성수성수(내선)
9:52,9:51,11:44,11:49
성수성수,성수성수(내선),성수성수(외선),성수성수(내선)
9:54,9:57,11:49,11:53
성수성수(외선),성수성수(내선),성수성수(외선),성수성수(내선)
9:56,-,11:55,11:58
성수성수(외선),-,성수성수(외선),성수성수(내선)
9:59,-,12:02,12:06
성수성수(외선),-,성수성수(외선),성수성수(내선)
10:01,10:01,12:08,12:12
성수성수,성수신도림,성수성수(외선),성수성수(내선)
10:04,10:05,12:13,12:17
성수성수(외선),성수성수(내선),성수성수(외선),성수성수(내선)
10:06,10:11,12:18,12:22
성수성수(외선),성수성수(내선),성수성수(외선),성수성수(내선)
10:09,10:15,12:23,12:26
성수성수(외선),성수신도림,성수성수(외선),성수성수(내선)
10:13,10:18,12:28,12:31
성수성수(외선),성수성수(내선),성수성수(외선),성수성수(내선)
10:17,10:22,12:33,12:35
성수성수(외선),성수성수(내선),성수성수(외선),성수성수(내선)
10:21,10:28,12:38,12:40
성수성수,성수성수(내선),성수성수(외선),성수성수(내선)
10:24,10:32,12:43,12:44
성수성수(외선),성수성수(내선),성수성수(외선),성수성수(내선)
10:29,10:36,12:48,12:51
성수성수(외선),성수성수(내선),성수성수(외선),성수성수(내선)
10:32,10:41,12:53,12:58
성수성수,성수신도림,성수성수(외선),성수성수(내선)
10:38,10:46,12:58,-
성수성수(외선),성수성수(내선),성수성수(외선),-
10:42,10:50,13:03,13:04
성수성수(외선),성수성수(내선),성수성수(외선),성수성수(내선)
10:47,10:56,13:08,13:09
성수성수(외선),성수성수(내선),성수성수(외선),성수성수(내선)
10:53,-,13:13,13:14
성수성수(외선),-,성수성수(외선),성수성수(내선)
10:59,-,13:18,13:19
성수성수(외선),-,성수성수(외선),성수성수(내선)
11:04,11:00,13:24,13:24
성수성수(외선),성수신도림,성수성수(외선),성수성수(내선)
11:11,11:03,13:31,13:29
성수성수(외선),성수성수(내선),성수성수(외선),성수성수(내선)
11:17,11:09,13:38,13:36
성수성수(외선),성수성수(내선),성수성수(외선),성수성수(내선)
11:20,11:12,13:43,13:42
성수성수(외선),성수신도림,성수성수(외선),성수성수(내선)
11:24,11:15,13:48,13:47
성수성수(외선),성수성수(내선),성수성수(외선),성수성수(내선)
11:29,11:21,13:53,13:52
성수성수(외선),성수성수(내선),성수성수(외선),성수성수(내선)
11:34,11:28,13:58,13:57
성수성수(외선),성수성수(내선),성수성수(외선),성수성수(내선)
11:39,11:34,14:03,14:01
성수성수(외선),성수성수(내선),성수성수(외선),성수성수(내선)
11:44,11:40,14:08,14:05
성수성수(외선),성수성수(내선),성수성수(외선),성수성수(내선)
11:49,11:46,14:13,14:10
성수성수(외선),성수성수(내선),성수성수(외선),성수성수(내선)
11:54,11:52,14:18,14:14
성수성수(외선),성수성수(내선),성수성수(외선),성수성수(내선)
-,11:57,14:23,14:21
-,성수성수(내선),성수성수(외선),성수성수(내선)
12:00,12:02,14:28,14:28
성수성수(외선),성수성수(내선),성수성수(외선),성수성수(내선)
12:06,12:07,14:33,14:34
성수성수(외선),성수성수(내선),성수성수(외선),성수성수(내선)
12:12,12:16,14:38,14:39
성수성수(외선),성수성수(내선),성수성수(외선),성수성수(내선)
12:17,12:22,14:43,14:43
성수성수(외선),성수성수(내선),성수성수(외선),성수성수
12:23,12:27,14:48,14:49
성수성수(외선),성수성수(내선),성수성수(외선),성수성수(내선)
12:29,12:33,14:54,14:54
성수성수(외선),성수성수(내선),성수성수(외선),성수성수(내선)
12:34,12:39,-,14:59
성수성수(외선),성수성수(내선),-,성수성수(내선)
12:40,12:45,15:01,15:03
성수성수(외선),성수성수(내선),성수성수(외선),성수성수(내선)
12:47,12:51,15:08,15:08
성수성수(외선),성수성수(내선),성수성수(외선),성수성수(내선)
12:51,12:57,15:13,15:13
성수성수(외선),성수성수(내선),성수성수(외선),성수성수(내선)
12:55,-,15:18,15:18
성수성수(외선),-,성수성수(외선),성수성수(내선)
13:00,13:03,15:23,15:23
성수성수(외선),성수성수(내선),성수성수(외선),성수성수(내선)
13:05,13:10,15:28,15:28
성수성수(외선),성수성수(내선),성수성수(외선),성수성수(내선)
13:10,13:15,15:33,15:32
성수성수(외선),성수성수(내선),성수성수(외선),성수성수(내선)
13:15,13:21,15:39,15:35첫
성수성수(외선),성수성수(내선),신도림성수(외선),성수신도림
13:20,13:26,15:43,15:40
성수성수(외선),성수성수(내선),성수성수(외선),성수성수(내선)
13:25,13:31,15:48,15:44
성수성수(외선),성수성수(내선),성수성수(외선),성수성수(내선)
13:30,13:38,15:53,15:51
성수성수(외선),성수성수(내선),성수성수(외선),성수성수(내선)
13:36,13:46,15:58,15:58
성수성수(외선),성수성수(내선),성수성수(외선),성수성수(내선)
13:42,13:52,16:03,16:04
성수성수(외선),성수성수(내선),성수성수(외선),성수성수(내선)
13:47,13:57,16:08,16:09
성수성수(외선),성수성수(내선),성수성수(외선),성수성수(내선)
13:53,-,16:13,16:14
성수성수(외선),-,성수성수(외선),성수성수(내선)
13:59,-,16:18,16:19
성수성수(외선),-,성수성수(외선),성수성수(내선)
14:05,14:03,16:24,16:24
성수성수(외선),성수성수(내선),성수성수(외선),성수성수(내선)
14:10,14:09,16:32,16:29
성수성수(외선),성수성수(내선),성수성수(외선),성수성수(내선)
14:16,14:15,16:39,16:34
성수성수(외선),성수성수(내선),신도림성수(외선),성수성수(내선)
14:21,14:21,16:43,16:39
성수성수(외선),성수성수(내선),성수성수(외선),성수성수(내선)
14:25,14:27,16:48,16:44
성수성수(외선),성수성수(내선),성수성수(외선),성수성수(내선)
14:30,14:33,16:54,16:49
성수성수(외선),성수성수(내선),성수성수(외선),성수성수(내선)
14:35,14:39,16:59,16:54
성수성수(외선),성수성수(내선),성수성수(외선),성수신도림
14:40,14:45,-,16:58
성수성수(외선),성수성수(내선),-,성수성수(내선)
14:45,14:51,17:06,17:03
성수성수(외선),성수성수(내선),성수성수(외선),성수성수(내선)
14:50,14:56,17:12,17:08
성수성수(외선),성수성수(내선),성수성수(외선),성수성수(내선)
14:55,-,17:18,17:12
성수성수(외선),-,성수성수(외선),성수신도림
15:00,15:01,17:23,17:16
성수성수(외선),성수성수(내선),성수성수(외선),성수성수(내선)
15:06,15:07,17:28,17:20
성수성수(외선),성수성수(내선),성수성수(외선),성수성수(내선)
15:12,15:16,17:34,17:24
성수성수(외선),성수성수(내선),성수성수(외선),성수성수(내선)
15:17,15:22,17:40,17:28
성수성수(외선),성수성수(내선),성수성수(외선),성수성수
15:23,15:27,17:43,17:34
성수성수(외선),성수성수(내선),성수성수,성수성수(내선)
15:29,15:33,17:47,17:39
성수성수(외선),성수성수(내선),성수성수(외선),성수성수(내선)
15:35,15:39,17:53,17:44
성수성수(외선),성수성수(내선),성수성수(외선),성수성수(내선)
15:40,15:45,17:58,17:49
성수성수(외선),성수성수(내선),성수성수(외선),성수신도림
15:46,15:51,-,17:53
성수성수(외선),성수성수(내선),-,성수성수(내선)
15:49,15:57,-,17:58
성수성수(외선),성수성수(내선),-,성수성수(내선)
15:55,-,18:03,18:04
성수성수(외선),-,성수성수(외선),성수성수(내선)
16:00,16:03,18:08,18:09
성수성수(외선),성수성수(내선),성수성수(외선),성수성수(내선)
16:05,16:09,18:13,18:15
성수성수(외선),성수성수(내선),성수성수(외선),성수성수(내선)
16:09,16:15,18:19,18:20
성수성수(외선),성수성수(내선),성수성수(외선),성수성수(내선)
16:15,16:21,18:24,18:26
성수성수(외선),성수성수(내선),성수성수(외선),성수성수(내선)
16:20,16:26,18:30,18:31
성수성수(외선),성수성수(내선),성수성수(외선),성수성수(내선)
16:24,16:32,18:37,18:37
성수성수(외선),성수성수(내선),성수성수(외선),성수성수(내선)
16:31,16:37,18:43,18:42
성수성수(외선),성수성수(내선),성수성수(외선),성수성수(내선)
16:35,16:42,18:48,18:48
성수성수(외선),성수성수(내선),성수성수(외선),성수성수(내선)
16:42,16:46,18:53,18:53
성수성수(외선),성수성수(내선),성수성수(외선),성수성수(내선)
16:47,16:52,18:59,18:59
성수성수(외선),성수성수(내선),성수성수(외선),성수성수(내선)
16:53,16:57,19:04,19:04
성수성수(외선),성수성수(내선),성수성수(외선),성수성수(내선)
16:59,-,19:10,19:10
성수성수(외선),-,성수성수(외선),성수성수(내선)
17:02,17:03,19:16,19:15
신도림성수(외선),성수성수(내선),성수성수(외선),성수성수(내선)
17:05,17:06,19:22,19:21
성수성수(외선),성수성수(내선),성수성수(외선),성수성수(내선)
17:11,17:09,19:28,19:26
성수성수(외선),성수성수(내선),성수성수(외선),성수성수(내선)
17:15,17:15,19:34,19:32
성수성수(외선),성수성수(내선),성수성수(외선),성수성수(내선)
17:19,17:21,19:39,19:38
성수성수(외선),성수성수(내선),성수성수(외선),성수성수(내선)
17:23,17:27,19:45,19:43
성수성수(외선),성수성수(내선),신도림성수(외선),성수성수(내선)
17:26,17:32,19:48,19:48
성수성수(외선),성수성수(내선),성수성수,성수성수(내선)
17:30,17:35,19:53,19:54
성수성수(외선),성수성수(내선),성수성수(외선),성수성수(내선)
17:35,17:40,19:59,19:59
성수성수(외선),성수성수(내선),성수성수(외선),성수성수(내선)
17:39,17:45,20:05,20:05
성수성수(외선),성수성수(내선),성수성수(외선),성수성수(내선)
17:43,17:48,20:11,20:11
성수성수(외선),성수성수(내선),성수성수(외선),성수성수(내선)
17:46,17:51,20:17,20:16
성수성수(외선),성수성수(내선),성수성수(외선),성수성수(내선)
17:50,17:56,20:23,20:22
성수성수(외선),성수성수(내선),성수성수(외선),성수성수(내선)
17:54,17:58,20:28,20:28
성수성수(외선),성수성수(내선),성수성수(외선),성수성수(내선)
17:58,-,20:34,20:33
신도림성수(외선),-,성수성수(외선),성수신도림
18:01,18:02,20:40,20:38
성수성수(외선),성수성수(내선),성수성수(외선),성수성수(내선)
18:05,18:05,20:46,20:44
성수성수(외선),성수성수(내선),성수성수(외선),성수성수(내선)
18:09,18:08,20:52,20:50
성수성수(외선),성수성수(내선),성수성수(외선),성수성수(내선)
18:13,18:12,20:58,20:56
성수성수(외선),성수성수(내선),성수성수(외선),성수성수(내선)
18:17,18:16,21:04,21:02
성수성수(외선),성수성수(내선),성수성수(외선),성수성수(내선)
18:20,18:19,21:10,21:07
성수성수(외선),성수성수(내선),성수성수(외선),성수신도림
18:23,18:22,21:16,21:12
성수성수(외선),성수성수(내선),성수성수(외선),성수성수(내선)
18:29,18:26,21:22,21:17
성수성수(외선),성수성수(내선),성수성수(외선),성수성수(내선)
18:32,18:30,21:28,21:23
성수성수(외선),성수성수(내선),성수성수(외선),성수성수(내선)
18:35,18:33,21:34,21:30
성수성수(외선),성수성수(내선),성수성수(외선),성수성수(내선)
18:38,18:35,21:40,21:35
성수성수(외선),성수성수(내선),성수성수(외선),성수신도림
18:41,18:37,21:46,21:40
성수성수(외선),성수성수(내선),성수성수(외선),성수성수(내선)
18:45,18:39,21:53,21:47
성수성수(외선),성수성수(내선),성수성수(외선),성수성수(내선)
18:49,18:42,21:59,21:53
성수성수(외선),성수성수(내선),성수성수(외선),성수성수(내선)
18:53,18:46,22:05,22:00
성수성수(외선),성수성수(내선),성수성수(외선),성수성수(내선)
18:56,18:51,22:12,22:06
성수성수(외선),성수성수,성수성수(외선),성수신도림
-,18:54,22:16,22:12
-,성수성수(내선),성수성수,성수성수(내선)
-,18:57,22:20,22:19
-,성수성수(내선),성수성수(외선),성수신도림
19:00,19:00,22:27,22:26
성수성수(외선),성수성수(내선),성수성수(외선),성수성수
19:05,19:03,22:34,22:33막
성수성수(외선),성수성수(내선),성수성수(외선),성수성수(내선)
19:09,19:06,22:39,22:41
성수성수(외선),성수성수,성수성수,성수신도림
19:13,19:10,22:47,22:46
성수성수(외선),성수성수(내선),성수성수(외선),성수성수
19:16,19:15,22:55,22:53막
성수성수(외선),성수성수(내선),성수성수(외선),성수성수
19:20,19:18,23:03,23:01
성수성수(외선),성수성수(내선),성수성수(외선),성수신도림
19:24,19:21,23:11,23:09막
성수성수(외선),성수신도림,성수성수(외선),성수을지로입구
19:28,19:23,23:21막,23:16
성수성수(외선),성수성수(내선),성수성수(외선),성수신도림
19:31,19:26,23:27,23:23막
성수성수,성수성수,성수성수,성수홍대입구
19:34,19:28,23:33,23:31막
성수성수(외선),성수성수(내선),성수성수,성수신도림
19:39,19:32,23:40막,23:43막
성수성수(외선),성수성수(내선),성수성수,성수서울대입구
19:43,19:35,23:56막,-
성수성수(외선),성수성수(내선),성수삼성,-
19:47,19:39,-,-
성수성수,성수성수,-,-
19:50,19:42,-,-
성수성수(외선),성수성수(내선),-,-
19:59,19:46,-,-
성수성수,성수성수(내선),-,-
-,19:49,-,-
-,성수성수(내선),-,-
-,19:52,-,-
-,성수성수,-,-
-,19:56,-,-
-,성수성수(내선),-,-
20:02,20:00,-,-
성수성수(외선),성수성수(내선),-,-
20:08,20:03,-,-
성수성수(외선),성수성수,-,-
20:12,20:06,-,-
성수성수(외선),성수성수(내선),-,-
20:19,20:09,-,-
성수성수(외선),성수신도림,-,-
20:23,20:13,-,-
성수성수(외선),성수성수(내선),-,-
20:30,20:18,-,-
성수성수(외선),성수성수,-,-
20:35,20:23,-,-
성수성수(외선),성수성수(내선),-,-
20:39,20:27,-,-
성수성수(외선),성수신도림,-,-
20:43,20:30,-,-
성수성수(외선),성수성수(내선),-,-
20:47,20:34,-,-
성수성수(외선),성수성수(내선),-,-
20:53,20:40,-,-
성수성수(외선),성수성수(내선),-,-
20:59,20:45,-,-
성수성수(외선),성수성수(내선),-,-
-,20:50,-,-
-,성수성수(내선),-,-
-,20:54,-,-
-,성수신도림,-,-
-,20:58,-,-
-,성수성수(내선),-,-
21:04,21:02,-,-
성수성수(외선),성수성수(내선),-,-
21:09,21:07,-,-
성수성수(외선),성수성수(내선),-,-
21:14,21:12,-,-
성수성수(외선),성수성수(내선),-,-
21:21,21:16,-,-
성수성수(외선),성수성수,-,-
21:32,21:20,-,-
성수성수(외선),성수성수(내선),-,-
21:39,21:25,-,-
성수성수(외선),성수성수(내선),-,-
21:45,21:31,-,-
성수성수(외선),성수성수(내선),-,-
21:53,21:37,-,-
성수성수(외선),성수성수(내선),-,-
-,21:44,-,-
-,성수성수(내선),-,-
-,21:53,-,-
-,성수성수(내선),-,-
22:00,22:00,-,-
성수성수(외선),성수성수(내선),-,-
22:05,22:05,-,-
성수성수(외선),성수성수(내선),-,-
22:14,22:11,-,-
성수성수(외선),성수성수(내선),-,-
22:23,22:16,-,-
성수성수(외선),성수성수(내선),-,-
22:29,22:21,-,-
성수성수(외선),성수성수(내선),-,-
22:34,22:27,-,-
성수성수(외선),성수성수(내선),-,-
22:40,22:32,-,-
성수성수(외선),성수신도림,-,-
22:45,22:37,-,-
성수성수(외선),성수성수(내선),-,-
22:53,22:43,-,-
성수성수(외선),성수신도림,-,-
-,22:50,-,-
-,성수성수(내선),-,-
-,22:56,-,-
-,성수신도림,-,-
23:02,23:01,-,-
성수성수(외선),성수성수(내선),-,-
23:09,23:08,-,-
성수성수(외선),성수성수,-,-
23:16,23:15,-,-
성수성수(외선),성수성수(내선),-,-
23:24,23:24,-,-
성수성수(외선),성수성수,-,-
23:35,23:30,-,-
성수성수(외선),성수신도림,-,-
23:45,23:35막,-,-
성수성수(외선),성수성수(내선),-,-
23:53,23:41,-,-
성수성수,성수신도림,-,-
-,23:45,-,-
-,성수성수,-,-
-,23:52막,-,-
-,성수성수,-,-
-,23:59,-,-
-,성수신도림,-,-
0:00,00:08막,-,-
성수성수(외선),성수을지로입구,-,-
0:11,00:20막,-,-
성수성수(외선),성수홍대입구,-,-
00:24막,00:32막,-,-
성수성수(외선),성수신도림,-,-
00:39막,00:45막,-,-
성수성수,성수서울대입구,-,-
00:56막,-,-,-
성수삼성,-,-,-
