﻿강변방면,잠실방면,강변방면,잠실방면
평일,평일,주말,주말
05:38첫,05:38첫,05:38첫,05:38첫
삼성성수(외선),성수성수(내선),삼성성수(외선),성수성수(내선)
5:58,5:48,5:57,5:48
서울대입구성수(외선),성수성수(내선),서울대입구성수(외선),성수성수(내선)
-,5:55,-,5:56
-,성수성수(내선),-,성수성수(내선)
6:11,6:02,6:10,6:06
신도림성수(외선),성수성수(내선),신도림성수(외선),성수성수(내선)
6:17,6:06,6:16,6:11
신도림성수(외선),성수성수(내선),신도림성수(외선),성수성수(내선)
6:24,6:12,6:22,6:17
홍대입구성수(외선),성수성수(내선),홍대입구성수(외선),성수성수(내선)
6:29,6:18,6:28,6:23
신도림성수(외선),성수성수(내선),신도림성수(외선),성수성수(내선)
6:35,6:25,6:34,6:29
을지로입구성수(외선),성수성수(내선),을지로입구성수(외선),성수성수(내선)
6:41,6:31,6:40,6:35
신도림성수(외선),성수성수(내선),신도림성수(외선),성수성수(내선)
6:50,6:35,6:46,6:41
성수성수(외선),성수성수(내선),신도림성수(외선),성수성수(내선)
6:54,6:38,6:52,6:47
신도림성수(외선),성수성수(내선),성수성수(외선),성수성수(내선)
-,6:45,6:57,6:51
-,성수성수(내선),신도림성수(외선),성수성수(내선)
-,6:48,-,6:55
-,성수성수(내선),-,성수성수(내선)
-,6:52,7:03,7:01
-,성수성수(내선),성수성수(외선),성수성수(내선)
-,6:58,7:10,7:07
-,성수성수(내선),성수성수(외선),성수성수(내선)
7:00,7:02,7:16,7:12
성수성수(외선),성수성수(내선),성수성수(외선),성수성수(내선)
7:05,7:05,7:22,7:17
신도림성수(외선),성수성수(내선),성수성수(외선),성수성수(내선)
7:10,7:09,7:28,7:23
성수성수(외선),성수성수(내선),성수성수(외선),성수성수(내선)
7:15,7:12,7:34,7:28
신도림성수(외선),성수성수(내선),성수성수(외선),성수성수(내선)
7:20,7:16,7:40,7:34
성수성수(외선),성수성수(내선),성수성수(외선),성수성수(내선)
7:25,7:20,7:46,7:39
신도림성수(외선),성수성수(내선),성수성수(외선),성수성수(내선)
7:30,7:24,7:52,7:45
성수성수(외선),성수성수(내선),성수성수(외선),성수성수(내선)
7:35,7:27,7:57,7:50
신도림성수(외선),성수성수(내선),성수성수(외선),성수성수(내선)
7:39,7:31,-,7:56
성수성수(외선),성수성수(내선),-,성수성수(내선)
7:45,7:34,8:03,8:01
성수성수(외선),성수성수(내선),성수성수(외선),성수성수(내선)
7:49,7:38,8:09,8:07
성수성수(외선),성수성수(내선),성수성수(외선),성수성수(내선)
7:52,7:41,8:15,8:12
신도림성수(외선),성수성수(내선),성수성수(외선),성수성수(내선)
7:55,7:44,8:20,8:18
성수성수(외선),성수성수(내선),성수성수(외선),성수성수(내선)
7:58,7:47,8:26,8:23
성수성수(외선),성수성수(내선),성수성수(외선),성수성수(내선)
-,7:51,8:31,8:29
-,성수성수(내선),신도림성수(외선),성수성수(내선)
-,7:54,8:35,8:34
-,성수성수(내선),성수성수(외선),성수성수(내선)
-,7:57,8:41,8:40
-,성수성수(내선),성수성수(외선),성수성수(내선)
8:01,8:00,8:47,8:45
성수성수(외선),성수성수(내선),성수성수(외선),성수성수(내선)
8:04,8:04,8:52,8:51
신도림성수(외선),성수성수(내선),성수성수(외선),성수성수(내선)
8:07,8:07,8:55,8:56
성수성수(외선),성수성수(내선),성수성수,성수성수(내선)
8:10,8:10,9:04,9:01
성수성수(외선),성수성수,성수성수(외선),성수성수
8:13,8:13,9:10,9:07
성수성수(외선),성수성수(내선),성수성수(외선),성수성수(내선)
8:16,8:17,9:16,9:13
신도림성수(외선),성수성수(내선),성수성수(외선),성수성수(내선)
8:20,8:21,9:21,9:19
성수성수(외선),성수성수(내선),신도림성수(외선),성수성수(내선)
8:23,8:24,9:23,9:24
신도림성수(외선),성수성수,성수성수,성수성수(내선)
8:26,8:27,9:27,9:27
성수성수(외선),성수성수(내선),성수성수(외선),성수성수(내선)
8:28,8:31,9:33,9:29
신도림성수(외선),성수성수(내선),성수성수(외선),성수성수(내선)
8:31,8:35,9:39,9:35
신도림성수(외선),성수성수(내선),성수성수(외선),성수성수(내선)
8:33,8:38,9:45,9:41
성수성수(외선),성수성수(내선),성수성수(외선),성수성수
8:36,8:42,9:49,9:46
신도림성수(외선),성수성수,신도림성수(외선),성수성수(내선)
8:38,8:45,9:51,9:51
성수성수(외선),성수성수(내선),성수성수,성수성수(내선)
8:41,8:49,9:55,9:57
신도림성수(외선),성수성수(내선),성수성수(외선),성수성수(내선)
8:43,8:53,10:00,10:02
성수성수(외선),성수성수(내선),성수성수(외선),성수성수(내선)
8:46,8:57,10:06,10:08
신도림성수(외선),성수성수(내선),성수성수(외선),성수성수(내선)
8:48,-,10:11,10:13
성수성수(외선),-,성수성수(외선),성수성수(내선)
8:51,-,10:16,10:19
신도림성수(외선),-,성수성수(외선),성수성수
8:53,-,10:22,10:23
성수성수,-,성수성수(외선),성수성수(내선)
8:56,-,10:28,10:30
신도림성수(외선),-,성수성수(외선),성수성수(내선)
8:59,-,10:33,10:35
성수성수(외선),-,성수성수(외선),성수성수(내선)
9:01,9:00,10:38,10:40
신도림성수(외선),성수성수,신도림성수(외선),성수성수(내선)
9:03,9:03,10:44,10:43
성수성수(외선),성수성수(내선),성수성수(외선),성수성수(내선)
9:06,9:07,10:49,10:46
성수성수(외선),성수성수(내선),성수성수(외선),성수성수(내선)
9:08,9:10,10:55,10:51
성수성수(외선),성수성수,성수성수(외선),성수성수(내선)
9:12,9:13,-,10:56
성수성수(외선),성수성수(내선),-,성수성수(내선)
9:14,9:16,11:00,11:01
성수성수(외선),성수성수(내선),성수성수(외선),성수성수(내선)
9:17,9:20,11:06,11:07
성수성수(외선),성수성수(내선),신도림성수(외선),성수성수(내선)
9:21,09:23첫,11:10,11:14
성수성수(외선),성수신도림,성수성수(외선),성수성수(내선)
9:25,9:26,11:16,11:20
성수성수(외선),성수성수(내선),성수성수(외선),성수성수(내선)
9:27,9:29,11:21,11:25
성수성수,성수성수(내선),성수성수(외선),성수성수(내선)
9:30,9:32,11:26,11:31
성수성수(외선),성수성수(내선),성수성수(외선),성수성수(내선)
9:32,9:35,11:31,11:36
성수성수(외선),성수신도림,성수성수(외선),성수성수(내선)
9:35,9:38,11:36,11:40
성수성수(외선),성수성수(내선),성수성수(외선),성수성수(내선)
9:39,9:45,11:41,11:45
성수성수,성수성수(내선),성수성수(외선),성수성수(내선)
9:41,9:48,11:46,11:53
성수성수(외선),성수신도림,성수성수(외선),성수성수(내선)
9:47,9:52,11:51,11:59
성수성수(외선),성수성수(내선),성수성수(외선),성수성수(내선)
9:51,9:58,11:56,-
성수성수,성수성수(내선),성수성수(외선),-
9:54,-,12:01,12:04
성수성수(외선),-,성수성수(외선),성수성수(내선)
10:00,10:02,12:07,12:09
성수성수(외선),성수신도림,성수성수(외선),성수성수(내선)
10:02,10:05,12:14,12:14
성수성수(외선),성수성수(내선),성수성수(외선),성수성수(내선)
10:04,10:09,12:21,12:18
성수성수,성수성수(내선),성수성수(외선),성수성수(내선)
10:06,10:15,12:26,12:23
성수성수(외선),성수성수(내선),성수성수(외선),성수성수(내선)
10:09,10:19,12:31,12:27
성수성수(외선),성수성수(내선),성수성수(외선),성수성수(내선)
10:11,10:23,12:36,12:32
성수성수(외선),성수성수(내선),성수성수(외선),성수성수(내선)
10:14,10:28,12:41,12:38
성수성수,성수신도림,성수성수(외선),성수성수(내선)
10:16,10:33,12:46,12:45
성수성수(외선),성수성수(내선),성수성수(외선),성수성수(내선)
10:19,10:37,12:51,12:51
성수성수(외선),성수성수(내선),성수성수(외선),성수성수(내선)
10:21,10:43,12:56,12:56
성수성수(외선),성수성수(내선),성수성수(외선),성수성수(내선)
10:26,10:47,13:01,13:01
성수성수(외선),성수신도림,성수성수(외선),성수성수(내선)
10:30,10:50,13:06,13:06
성수성수(외선),성수성수(내선),성수성수(외선),성수성수(내선)
10:34,10:56,13:11,13:11
성수성수,성수성수(내선),성수성수(외선),성수성수(내선)
10:36,10:59,13:16,13:17
성수성수(외선),성수신도림,성수성수(외선),성수성수(내선)
10:42,-,13:21,13:24
성수성수(외선),-,성수성수(외선),성수성수(내선)
10:45,-,13:26,13:29
성수성수,-,성수성수(외선),성수성수(내선)
10:50,-,13:31,13:34
성수성수(외선),-,성수성수(외선),성수성수(내선)
10:55,-,13:37,13:39
성수성수(외선),-,성수성수(외선),성수성수(내선)
11:00,11:02,13:44,13:44
성수성수(외선),성수성수(내선),성수성수(외선),성수성수(내선)
11:06,11:08,13:51,13:48
성수성수(외선),성수성수(내선),성수성수(외선),성수성수(내선)
11:12,11:15,13:56,13:53
성수성수(외선),성수성수(내선),성수성수(외선),성수성수(내선)
11:17,11:21,-,13:57
성수성수(외선),성수성수(내선),-,성수성수(내선)
11:23,11:28,14:01,14:02
성수성수(외선),성수성수(내선),성수성수(외선),성수성수(내선)
11:30,11:34,14:06,14:08
성수성수(외선),성수성수(내선),성수성수(외선),성수성수(내선)
11:33,11:39,14:11,14:15
성수성수(외선),성수성수(내선),성수성수(외선),성수성수(내선)
11:37,11:44,14:16,14:21
성수성수(외선),성수성수(내선),성수성수(외선),성수성수(내선)
11:42,11:49,14:21,14:26
성수성수(외선),성수성수(내선),성수성수(외선),성수성수(내선)
11:47,11:55,14:26,14:31
성수성수(외선),성수성수(내선),성수성수(외선),성수성수
11:52,-,14:31,14:36
성수성수(외선),-,성수성수(외선),성수성수(내선)
11:57,-,14:36,14:41
성수성수(외선),-,성수성수(외선),성수성수(내선)
12:02,12:04,14:41,14:46
성수성수(외선),성수성수(내선),성수성수(외선),성수성수(내선)
12:07,12:09,14:46,14:50
성수성수(외선),성수성수(내선),성수성수(외선),성수성수(내선)
12:13,12:14,14:51,14:55
성수성수(외선),성수성수(내선),성수성수(외선),성수성수(내선)
12:19,12:20,14:56,-
성수성수(외선),성수성수(내선),성수성수(외선),-
12:25,12:26,15:01,15:00
성수성수(외선),성수성수(내선),성수성수(외선),성수성수(내선)
12:30,12:32,15:07,15:05
성수성수(외선),성수성수(내선),성수성수(외선),성수성수(내선)
12:36,12:38,15:14,15:10
성수성수(외선),성수성수(내선),성수성수(외선),성수성수(내선)
12:42,12:44,15:21,15:15
성수성수(외선),성수성수(내선),성수성수(외선),성수성수(내선)
12:47,12:50,15:26,15:19
성수성수(외선),성수성수(내선),성수성수(외선),성수성수(내선)
12:53,12:57,15:31,15:23첫
성수성수(외선),성수성수(내선),성수성수(외선),성수신도림
12:59,-,15:36,15:27
성수성수(외선),-,성수성수(외선),성수성수(내선)
13:04,13:02,15:41,15:32
성수성수(외선),성수성수(내선),성수성수(외선),성수성수(내선)
13:08,13:08,15:46,15:38
성수성수(외선),성수성수(내선),성수성수(외선),성수성수(내선)
13:13,13:13,15:51,15:45
성수성수(외선),성수성수(내선),신도림성수(외선),성수성수(내선)
13:18,13:18,15:56,15:51
성수성수(외선),성수성수(내선),성수성수(외선),성수성수(내선)
13:22,13:25,-,15:56
성수성수(외선),성수성수(내선),-,성수성수(내선)
13:28,13:33,16:01,16:01
성수성수(외선),성수성수(내선),성수성수(외선),성수성수(내선)
13:33,13:39,16:06,16:06
성수성수(외선),성수성수(내선),성수성수(외선),성수성수(내선)
13:38,13:44,16:11,16:11
성수성수(외선),성수성수(내선),성수성수(외선),성수성수(내선)
13:43,13:50,16:16,16:16
성수성수(외선),성수성수(내선),성수성수(외선),성수성수(내선)
13:49,13:56,16:21,16:21
성수성수(외선),성수성수(내선),성수성수(외선),성수성수(내선)
13:55,-,16:26,16:26
성수성수(외선),-,성수성수(외선),성수성수(내선)
14:00,14:02,16:31,16:31
성수성수(외선),성수성수(내선),성수성수(외선),성수성수(내선)
14:06,14:08,16:37,16:36
성수성수(외선),성수성수(내선),성수성수(외선),성수성수(내선)
14:12,14:14,16:45,16:41
성수성수(외선),성수성수(내선),성수성수(외선),성수신도림
14:18,14:20,16:51,16:46
성수성수(외선),성수성수(내선),신도림성수(외선),성수성수(내선)
14:23,14:26,16:56,16:51
성수성수(외선),성수성수(내선),성수성수(외선),성수성수(내선)
14:29,14:32,-,16:56
성수성수(외선),성수성수(내선),-,성수성수(내선)
14:33,14:38,17:01,17:00
성수성수(외선),성수성수(내선),성수성수(외선),성수신도림
14:38,14:43,17:06,17:04
성수성수(외선),성수성수(내선),성수성수(외선),성수성수(내선)
14:43,14:48,17:12,17:08
성수성수(외선),성수성수(내선),성수성수(외선),성수성수(내선)
14:48,14:55,17:18,17:11
성수성수(외선),성수성수(내선),성수성수(외선),성수성수(내선)
14:53,-,17:24,17:16
성수성수(외선),-,성수성수(외선),성수성수
14:58,-,17:31,17:21
성수성수(외선),-,성수성수(외선),성수성수(내선)
15:03,15:03,17:36,17:26
성수성수(외선),성수성수(내선),성수성수(외선),성수성수(내선)
15:08,15:09,17:41,17:31
성수성수(외선),성수성수(내선),성수성수(외선),성수성수(내선)
15:13,15:14,17:47,17:36
성수성수(외선),성수성수(내선),성수성수(외선),성수신도림
15:19,15:20,17:53,17:41
성수성수(외선),성수성수(내선),성수성수(외선),성수성수(내선)
15:25,15:26,17:56,17:46
성수성수(외선),성수성수(내선),성수성수,성수성수(내선)
15:30,15:32,17:59,17:52
성수성수(외선),성수성수(내선),성수성수(외선),성수성수(내선)
15:36,15:38,-,17:57
성수성수(외선),성수성수(내선),-,성수성수(내선)
15:42,15:44,18:05,18:03
성수성수(외선),성수성수(내선),성수성수(외선),성수성수(내선)
15:48,15:50,18:10,18:08
성수성수(외선),성수성수(내선),성수성수(외선),성수성수(내선)
15:53,15:56,18:15,18:14
성수성수(외선),성수성수(내선),성수성수(외선),성수성수(내선)
15:58,-,18:21,18:19
성수성수(외선),-,성수성수(외선),성수성수(내선)
16:02,16:02,18:26,18:25
성수성수(외선),성수성수(내선),성수성수(외선),성수성수(내선)
16:08,16:08,18:31,18:30
성수성수(외선),성수성수(내선),성수성수(외선),성수성수(내선)
16:13,16:13,18:37,18:36
성수성수(외선),성수성수(내선),성수성수(외선),성수성수(내선)
16:18,16:19,18:42,18:41
성수성수(외선),성수성수(내선),성수성수(외선),성수성수(내선)
16:22,16:24,18:49,18:47
성수성수(외선),성수성수(내선),성수성수(외선),성수성수(내선)
16:28,16:29,18:55,18:52
성수성수(외선),성수성수(내선),성수성수(외선),성수성수(내선)
16:33,16:33,-,18:58
성수성수(외선),성수성수(내선),-,성수성수(내선)
16:37,16:39,19:00,19:03
성수성수(외선),성수성수(내선),성수성수(외선),성수성수(내선)
16:44,16:44,19:06,19:09
성수성수(외선),성수성수(내선),성수성수(외선),성수성수(내선)
16:48,16:50,19:11,19:14
성수성수(외선),성수성수(내선),성수성수(외선),성수성수(내선)
16:55,16:53,19:17,19:20
성수성수(외선),성수성수(내선),성수성수(외선),성수성수(내선)
-,16:56,19:23,19:25
-,성수성수(내선),성수성수(외선),성수성수(내선)
17:00,17:02,19:29,19:31
성수성수(외선),성수성수(내선),성수성수(외선),성수성수(내선)
17:06,17:08,19:35,19:36
성수성수(외선),성수성수(내선),성수성수(외선),성수성수(내선)
17:12,17:14,19:41,19:42
성수성수(외선),성수성수(내선),성수성수(외선),성수성수(내선)
17:15,17:19,19:47,19:47
신도림성수(외선),성수성수(내선),성수성수(외선),성수성수(내선)
17:18,17:22,19:52,19:53
성수성수(외선),성수성수(내선),성수성수(외선),성수성수(내선)
17:24,17:27,19:58,19:58
성수성수(외선),성수성수(내선),신도림성수(외선),성수성수(내선)
17:28,17:32,20:01,20:04
성수성수(외선),성수성수(내선),성수성수,성수성수(내선)
17:32,17:35,20:05,20:09
성수성수(외선),성수성수(내선),성수성수(외선),성수성수(내선)
17:35,17:38,20:11,20:15
성수성수(외선),성수성수(내선),성수성수(외선),성수성수(내선)
17:39,17:43,20:17,20:20
성수성수(외선),성수성수(내선),성수성수(외선),성수신도림
17:43,17:46,20:23,20:26
성수성수(외선),성수성수(내선),성수성수(외선),성수성수(내선)
17:48,17:49,20:29,20:31
성수성수(외선),성수성수(내선),성수성수(외선),성수성수(내선)
17:52,17:52,20:35,20:37
성수성수(외선),성수성수(내선),성수성수(외선),성수성수(내선)
17:55,17:55,20:41,20:43
성수성수(외선),성수성수(내선),성수성수(외선),성수성수(내선)
17:59,17:59,20:47,20:49
성수성수(외선),성수성수(내선),성수성수(외선),성수성수(내선)
18:03,18:03,20:53,20:55
성수성수(외선),성수성수(내선),성수성수(외선),성수신도림
18:07,18:06,20:59,-
성수성수(외선),성수성수(내선),성수성수(외선),-
18:11,18:09,21:05,21:00
신도림성수(외선),성수성수(내선),성수성수(외선),성수성수(내선)
18:14,18:14,21:11,21:05
성수성수(외선),성수성수(내선),성수성수(외선),성수성수(내선)
18:18,18:17,21:17,21:10
성수성수(외선),성수성수(내선),성수성수(외선),성수성수(내선)
18:22,18:20,21:23,21:17
성수성수(외선),성수성수(내선),성수성수(외선),성수성수(내선)
18:26,18:22,21:29,21:22
성수성수(외선),성수성수(내선),성수성수(외선),성수신도림
18:30,18:24,21:35,21:28
성수성수(외선),성수성수(내선),성수성수(외선),성수성수(내선)
18:33,18:26,21:41,21:34
성수성수(외선),성수성수(내선),성수성수(외선),성수성수(내선)
18:36,18:29,21:47,21:40
성수성수(외선),성수성수(내선),성수성수(외선),성수성수(내선)
18:42,18:33,21:53,21:47
성수성수(외선),성수성수(내선),성수성수(외선),성수성수(내선)
18:45,18:38,21:59,21:53
성수성수(외선),성수성수,성수성수(외선),성수신도림
18:48,18:41,22:05,22:00
성수성수(외선),성수성수(내선),성수성수(외선),성수성수(내선)
18:51,18:44,22:12,22:07
성수성수(외선),성수성수(내선),성수성수(외선),성수신도림
18:54,18:47,22:18,22:14
성수성수(외선),성수성수(내선),성수성수(외선),성수성수
18:58,18:50,22:25,22:21막
성수성수(외선),성수성수(내선),성수성수(외선),성수성수(내선)
-,18:53,22:29,22:28
-,성수성수,성수성수,성수신도림
-,18:57,22:32,22:34
-,성수성수(내선),성수성수(외선),성수성수
19:02,19:02,22:39,22:41막
성수성수(외선),성수성수(내선),성수성수(외선),성수성수
19:05,19:05,22:46,22:49
성수성수(외선),성수성수(내선),성수성수(외선),성수신도림
19:09,19:08,22:51,22:56막
성수성수(외선),성수신도림,성수성수,성수을지로입구
19:13,19:11,23:00,23:04
성수성수(외선),성수성수(내선),성수성수(외선),성수신도림
19:18,19:13,23:09,23:11막
성수성수(외선),성수성수,성수성수(외선),성수홍대입구
19:22,19:16,23:15,23:19막
성수성수(외선),성수성수(내선),성수성수(외선),성수신도림
19:25,19:19,23:24,23:30막
성수성수(외선),성수성수(내선),성수성수(외선),성수서울대입구
19:29,19:22,23:33막,23:51막
성수성수(외선),성수성수(내선),성수성수(외선),성수삼성
19:33,19:26,23:39,-
성수성수(외선),성수성수,성수성수,-
19:37,19:29,23:45,-
성수성수(외선),성수성수(내선),성수성수,-
19:41,19:33,23:52막,-
성수성수(외선),성수성수(내선),성수성수,-
19:44,19:36,-,-
성수성수,성수성수(내선),-,-
19:47,19:39,-,-
성수성수(외선),성수성수,-,-
19:52,19:43,-,-
성수성수(외선),성수성수(내선),-,-
19:56,19:47,-,-
성수성수(외선),성수성수(내선),-,-
-,19:50,-,-
-,성수성수,-,-
-,19:53,-,-
-,성수성수(내선),-,-
-,19:56,-,-
-,성수신도림,-,-
20:00,20:00,-,-
성수성수,성수성수(내선),-,-
20:03,20:05,-,-
성수성수(외선),성수성수,-,-
20:11,20:11,-,-
성수성수,성수성수(내선),-,-
20:15,20:14,-,-
성수성수(외선),성수신도림,-,-
20:21,20:17,-,-
성수성수(외선),성수성수(내선),-,-
20:25,20:21,-,-
성수성수(외선),성수성수(내선),-,-
20:32,20:27,-,-
성수성수(외선),성수성수(내선),-,-
20:35,20:32,-,-
성수성수(외선),성수성수(내선),-,-
20:43,20:37,-,-
성수성수(외선),성수성수(내선),-,-
20:48,20:41,-,-
성수성수(외선),성수신도림,-,-
20:52,20:45,-,-
성수성수(외선),성수성수(내선),-,-
20:55,20:49,-,-
성수성수(외선),성수성수(내선),-,-
-,20:54,-,-
-,성수성수(내선),-,-
-,20:59,-,-
-,성수성수(내선),-,-
21:00,21:03,-,-
성수성수(외선),성수성수,-,-
21:06,21:07,-,-
성수성수(외선),성수성수(내선),-,-
21:12,21:13,-,-
성수성수(외선),성수성수(내선),-,-
21:17,21:18,-,-
성수성수(외선),성수성수(내선),-,-
21:22,21:24,-,-
성수성수(외선),성수성수(내선),-,-
21:27,21:31,-,-
성수성수(외선),성수성수(내선),-,-
21:34,21:40,-,-
성수성수(외선),성수성수(내선),-,-
21:44,21:47,-,-
성수성수(외선),성수성수(내선),-,-
21:52,21:52,-,-
성수성수(외선),성수성수(내선),-,-
21:58,21:58,-,-
성수성수(외선),성수성수(내선),-,-
22:06,22:03,-,-
성수성수(외선),성수성수(내선),-,-
22:13,22:08,-,-
성수성수(외선),성수성수(내선),-,-
22:18,22:14,-,-
성수성수(외선),성수성수(내선),-,-
22:27,22:19,-,-
성수성수(외선),성수신도림,-,-
22:36,22:24,-,-
성수성수(외선),성수성수(내선),-,-
22:42,22:30,-,-
성수성수(외선),성수신도림,-,-
22:47,22:37,-,-
성수성수(외선),성수성수(내선),-,-
22:53,22:43,-,-
성수성수(외선),성수신도림,-,-
22:58,22:48,-,-
성수성수(외선),성수성수(내선),-,-
-,22:55,-,-
-,성수성수,-,-
23:06,23:02,-,-
성수성수(외선),성수성수(내선),-,-
23:14,23:11,-,-
성수성수(외선),성수성수,-,-
23:22,23:17,-,-
성수성수(외선),성수신도림,-,-
23:29,23:22막,-,-
성수성수(외선),성수성수(내선),-,-
23:37,23:28,-,-
성수성수(외선),성수신도림,-,-
23:48,23:33,-,-
성수성수(외선),성수성수,-,-
23:58,23:39막,-,-
성수성수(외선),성수성수,-,-
-,23:46,-,-
-,성수신도림,-,-
-,23:55막,-,-
-,성수을지로입구,-,-
0:06,00:07막,-,-
성수성수,성수홍대입구,-,-
0:13,00:19막,-,-
성수성수(외선),성수신도림,-,-
0:24,00:32막,-,-
성수성수(외선),성수서울대입구,-,-
00:37막,00:52막,-,-
성수성수(외선),성수삼성,-,-
00:52막,-,-,-
성수성수,-,-,-
