﻿신촌방면,아현방면,신촌방면,아현방면
평일,평일,주말,주말
05:37첫,05:34첫,05:37첫,05:34첫
을지로입구성수(외선),홍대입구성수(내선),을지로입구성수(외선),홍대입구성수(내선)
5:53,5:45,5:54,5:45
성수성수(외선),신도림성수(내선),성수성수(외선),신도림성수(내선)
-,5:52,-,5:52
-,신도림성수(내선),-,신도림성수(내선)
-,5:59,-,5:58
-,서울대입구성수(내선),-,서울대입구성수(내선)
6:02,6:05,6:04,6:04
성수성수(외선),신도림성수(내선),성수성수(외선),신도림성수(내선)
6:12,6:12,6:11,6:10
성수성수(외선),신도림성수(내선),성수성수(외선),신도림성수(내선)
6:21,6:19,6:17,6:16
성수성수(외선),삼성성수(내선),성수성수(외선),삼성성수(내선)
6:31,6:24,6:24,6:22
성수성수(외선),신도림성수(내선),성수성수(외선),신도림성수(내선)
6:40,6:31,6:30,6:28
성수성수(외선),신도림성수(내선),성수성수(외선),신도림성수(내선)
6:46,6:36,6:36,6:35
성수성수(외선),성수성수(내선),성수성수(외선),성수성수(내선)
6:50,6:41,6:42,6:39
성수성수(외선),신도림성수(내선),성수성수(외선),신도림성수(내선)
6:56,6:46,6:49,6:45
성수성수(외선),성수성수(내선),성수성수(외선),성수성수(내선)
6:59,6:53,6:55,6:51
성수성수(외선),성수성수(내선),성수성수(외선),성수성수(내선)
7:02,7:00,-,6:56
성수성수(외선),성수성수(내선),-,신도림성수(내선)
7:08,7:04,7:00,7:02
성수성수(외선),성수성수(내선),성수성수(외선),성수성수(내선)
7:11,7:07,7:06,7:07
성수성수(외선),신도림성수(내선),성수성수(외선),성수성수(내선)
7:15,7:10,7:12,7:13
성수성수(외선),성수성수(내선),성수성수(외선),성수성수(내선)
7:21,7:16,7:18,7:18
성수성수(외선),성수성수(내선),성수성수(외선),성수성수(내선)
7:27,7:19,7:24,7:24
성수성수(외선),신도림성수(내선),성수성수(외선),성수성수(내선)
7:34,7:23,7:30,7:30
성수성수(외선),성수성수(내선),성수성수(외선),성수성수(내선)
7:39,7:29,7:37,7:35
성수성수(외선),성수성수(내선),성수성수(외선),성수성수(내선)
7:44,7:33,7:43,7:40
성수성수(외선),성수성수(내선),성수성수(외선),성수성수(내선)
7:49,7:36,7:49,7:46
성수성수(외선),성수성수(내선),성수성수(외선),성수성수(내선)
7:54,7:39,7:54,7:51
성수성수,신도림성수(내선),성수성수(외선),성수성수(내선)
-,7:43,-,7:58
-,성수성수(내선),-,성수성수(내선)
-,7:47,8:00,8:02
-,성수성수(내선),성수성수,성수성수(내선)
-,7:50,8:06,8:08
-,성수성수(내선),성수성수(외선),성수성수(내선)
-,7:53,8:12,8:13
-,신도림성수(내선),성수성수(외선),성수성수(내선)
-,7:57,8:18,8:19
-,성수성수(내선),성수성수(외선),성수성수(내선)
8:00,8:01,8:25,8:24
성수성수(외선),성수성수(내선),성수성수,성수성수(내선)
8:04,8:04,8:30,8:29
성수성수(외선),성수성수(내선),성수성수(외선),성수성수(내선)
8:07,8:08,8:35,8:35
성수성수(외선),성수성수(내선),성수성수(외선),성수성수(내선)
8:09,8:11,8:41,8:41
성수성수(외선),성수성수(내선),성수성수(외선),성수성수(내선)
8:13,8:15,8:47,8:47
성수성수(외선),성수성수(내선),성수성수(외선),성수성수(내선)
8:16,8:19,8:53,8:52
성수성수(외선),성수성수(내선),성수성수,성수성수(내선)
8:19,8:23,8:58,8:57
성수성수(외선),성수성수(내선),성수성수(외선),성수성수(내선)
8:23,8:26,9:03,9:03
성수성수(외선),성수성수(내선),성수성수(외선),성수성수(내선)
8:26,8:30,9:08,9:08
성수성수(외선),성수성수(내선),성수성수(외선),성수성수(내선)
8:29,8:33,9:14,9:14
성수성수,성수성수(내선),성수성수(외선),성수성수(내선)
8:32,8:37,9:19,9:19
성수성수(외선),성수성수(내선),성수성수(외선),성수성수(내선)
8:35,8:40,9:25,9:25
성수성수(외선),성수성수(내선),성수성수(외선),성수성수(내선)
8:38,8:43,9:30,9:30
성수성수(외선),성수성수(내선),성수성수(외선),성수성수(내선)
8:41,8:46,9:36,9:36
성수성수,성수성수(내선),성수성수(외선),성수성수(내선)
8:44,8:50,9:42,9:41
성수성수(외선),성수성수(내선),성수신도림,성수성수(내선)
8:47,8:53,9:48,9:47
성수신도림,성수성수(내선),성수성수(외선),성수성수(내선)
8:49,8:56,9:53,9:51
성수성수(외선),성수성수(내선),성수성수(외선),성수성수(내선)
8:53,8:59,9:59,9:56
성수성수,성수성수(내선),성수성수(외선),성수성수
8:56,-,-,9:58
성수성수(외선),-,-,신도림성수(내선)
9:00,9:02,10:06,10:02
성수신도림,성수성수(내선),성수성수(외선),성수성수(내선)
9:02,9:06,10:12,10:08
성수성수(외선),성수성수(내선),성수성수(외선),성수성수(내선)
9:05,9:09,10:18,10:14
성수성수(외선),성수성수,성수성수(외선),성수성수(내선)
9:07,9:12,10:22,10:19
성수성수,성수성수(내선),성수성수(외선),성수성수(내선)
9:09,9:16,10:28,10:24
성수성수(외선),성수성수(내선),성수성수(외선),성수성수(내선)
9:11,9:20,10:33,10:28
성수성수(외선),성수성수(내선),성수성수(외선),성수성수(내선)
9:14,9:23,10:38,10:33
성수성수(외선),성수성수,성수성수(외선),성수성수(내선)
9:16,9:26,10:43,10:38
성수성수,성수성수(내선),성수성수(외선),성수성수
9:19,9:30,10:48,10:42
성수성수(외선),성수성수(내선),성수성수(외선),성수성수(내선)
9:21,9:33,10:54,10:47
성수성수(외선),성수성수(내선),성수성수(외선),성수성수(내선)
9:24,9:36,-,10:53
성수성수(외선),성수성수(내선),-,성수성수(내선)
9:28,9:40,-,10:58
성수성수(외선),성수성수,-,성수성수(내선)
9:31,9:43,11:00,11:04
성수성수(외선),성수성수(내선),성수성수(외선),성수성수(내선)
9:34,9:47,11:05,11:07
성수신도림,성수성수(내선),성수성수(외선),신도림성수(내선)
9:36,9:51,11:11,11:11
성수성수,성수성수(내선),성수성수(외선),성수성수(내선)
9:39,9:55,11:16,11:16
성수성수(외선),성수성수(내선),성수성수(외선),성수성수
9:41,9:58,11:22,11:21
성수신도림,성수성수,성수성수(외선),성수성수(내선)
9:44,-,11:28,11:27
성수성수(외선),-,성수성수(외선),성수성수(내선)
9:47,-,11:33,11:32
성수성수,-,성수성수(외선),성수성수(내선)
9:50,-,11:38,11:37
성수신도림,-,성수성수(외선),성수성수(내선)
9:53,-,11:43,11:41
성수성수(외선),-,성수성수(외선),성수성수(내선)
9:57,-,11:48,11:45
성수성수(외선),-,성수성수(외선),성수성수(내선)
10:02,10:01,11:53,11:49
성수성수(외선),성수성수(내선),성수성수(외선),성수성수(내선)
10:05,10:04,11:58,11:55
성수신도림,성수성수(내선),성수성수(외선),성수성수(내선)
10:08,10:08,-,11:59
성수성수(외선),성수성수,-,성수성수(내선)
10:14,10:11,12:03,12:05
성수성수(외선),성수성수(내선),성수성수(외선),성수성수(내선)
10:19,10:14,12:08,12:13
성수성수(외선),성수성수(내선),성수성수(외선),성수성수(내선)
10:26,10:17,12:13,12:18
성수성수(외선),성수성수(내선),성수성수(외선),성수성수(내선)
10:32,10:24,12:18,12:23
성수성수(외선),성수성수(내선),성수성수(외선),성수성수(내선)
10:35,10:27,12:23,12:29
성수성수(외선),성수성수(내선),성수성수(외선),성수성수(내선)
10:39,10:30,12:28,12:34
성수성수(외선),성수성수(내선),성수성수(외선),성수성수(내선)
10:41,10:36,12:33,12:38
성수신도림,성수성수(내선),성수성수(외선),성수성수(내선)
10:44,10:42,12:39,12:44
성수성수(외선),성수성수(내선),성수성수(외선),성수성수(내선)
10:49,10:49,12:46,12:51
성수성수(외선),성수성수(내선),성수성수(외선),성수성수(내선)
10:52,10:56,12:53,12:57
성수신도림,성수성수(내선),성수성수(외선),성수성수(내선)
10:54,-,12:58,-
성수성수(외선),-,성수성수(외선),-
10:59,-,13:03,13:02
성수성수(외선),-,성수성수(외선),성수성수(내선)
11:04,11:02,13:08,13:07
성수성수(외선),성수성수(내선),성수성수(외선),성수성수(내선)
11:09,11:07,13:13,13:11
성수성수(외선),성수성수(내선),성수성수(외선),성수성수(내선)
11:15,11:12,13:18,13:16
성수성수(외선),성수성수(내선),성수성수(외선),성수성수(내선)
11:22,11:17,13:23,13:20
성수성수(외선),성수성수(내선),성수성수(외선),성수성수(내선)
11:27,11:21,13:28,13:25
성수성수(외선),성수성수(내선),성수성수(외선),성수성수(내선)
11:32,11:31,13:33,13:29
성수성수(외선),성수성수(내선),성수성수(외선),성수성수(내선)
11:38,11:35,13:38,13:36
성수성수(외선),성수성수(내선),성수성수(외선),성수성수(내선)
11:44,11:41,13:43,13:43
성수성수(외선),성수성수(내선),성수성수(외선),성수성수(내선)
11:49,11:48,13:48,13:49
성수성수(외선),성수성수(내선),성수성수(외선),성수성수(내선)
11:55,11:54,13:53,13:54
성수성수(외선),성수성수(내선),성수성수(외선),성수성수(내선)
12:02,12:00,13:58,13:59
성수성수(외선),성수성수(내선),성수성수(외선),성수성수(내선)
12:06,12:06,14:03,14:04
성수성수(외선),성수성수(내선),성수성수(외선),성수성수(내선)
12:10,12:12,14:09,14:09
성수성수(외선),성수성수(내선),성수성수(외선),성수성수(내선)
12:15,12:18,14:16,14:14
성수성수(외선),성수성수(내선),성수성수(외선),성수성수(내선)
12:20,12:24,14:23,14:22
성수성수(외선),성수성수(내선),성수성수(외선),성수성수(내선)
12:25,12:30,14:28,14:28
성수성수(외선),성수성수(내선),성수성수(외선),성수성수(내선)
12:30,12:36,14:33,14:33
성수성수(외선),성수성수(내선),성수성수(외선),성수성수(내선)
12:35,12:41,14:38,14:38
성수성수(외선),성수성수(내선),성수성수(외선),성수성수(내선)
12:40,12:46,14:43,14:42
성수성수(외선),성수성수(내선),성수성수(외선),성수성수(내선)
12:45,12:52,14:48,14:47
성수성수(외선),성수성수(내선),성수성수(외선),성수성수(내선)
12:51,-,14:53,14:50
성수성수(외선),-,성수신도림,성수성수(내선)
12:57,-,14:58,14:55
성수성수(외선),-,성수성수(외선),성수성수(내선)
13:02,13:01,-,14:59
성수성수(외선),성수성수(내선),-,성수성수(내선)
13:08,13:07,15:03,15:06
성수성수(외선),성수성수(내선),성수성수(외선),성수성수(내선)
13:14,13:12,15:08,15:13
성수성수(외선),성수성수(내선),성수성수(외선),성수성수(내선)
13:20,13:18,15:13,15:19
성수성수(외선),성수성수(내선),성수성수(외선),성수성수(내선)
13:25,13:24,15:18,15:24
성수성수(외선),성수성수(내선),성수성수(외선),성수성수(내선)
13:31,13:30,15:23,15:27
성수성수(외선),성수성수(내선),성수성수(외선),성수성수
13:36,13:36,15:28,15:34
성수성수(외선),성수성수(내선),성수성수(외선),성수성수(내선)
13:40,13:42,15:33,15:39
성수성수(외선),성수성수(내선),성수성수(외선),성수성수(내선)
13:45,13:48,15:39,15:44
성수성수(외선),성수성수(내선),성수성수(외선),성수성수(내선)
13:50,13:54,15:47,15:48
성수성수(외선),성수성수(내선),성수성수(외선),성수성수(내선)
13:55,-,15:53,15:53
성수성수(외선),-,성수신도림,성수성수(내선)
14:00,14:00,15:58,15:58
성수성수(외선),성수성수(내선),성수성수(외선),성수성수(내선)
14:05,14:06,16:03,16:03
성수성수(외선),성수성수(내선),성수성수(외선),성수성수(내선)
14:10,14:11,16:08,16:08
성수성수(외선),성수성수(내선),성수성수(외선),성수성수(내선)
14:15,14:16,16:14,16:13
성수성수(외선),성수성수(내선),성수성수(외선),성수성수(내선)
14:21,14:23,16:18,16:18
성수성수(외선),성수성수(내선),성수신도림,성수성수(내선)
14:27,14:31,16:23,16:24
성수성수(외선),성수성수(내선),성수성수(외선),성수성수(내선)
14:32,14:37,16:28,16:28
성수성수(외선),성수성수(내선),성수성수(외선),성수성수(내선)
14:38,14:42,16:33,16:36
성수성수(외선),성수성수(내선),성수성수(외선),성수성수(내선)
14:44,14:48,16:38,16:43
성수성수(외선),성수성수(내선),성수성수(외선),성수성수(내선)
14:50,14:54,16:43,16:49
성수성수(외선),성수성수(내선),성수성수(외선),성수성수(내선)
14:55,-,16:48,16:54
성수성수(외선),-,성수성수(외선),성수성수(내선)
15:01,15:00,16:54,16:59
성수성수(외선),성수성수(내선),성수성수(외선),성수성수(내선)
15:05,15:06,16:58,-
성수성수(외선),성수성수(내선),성수성수,-
15:10,15:12,17:03,17:04
성수성수(외선),성수성수(내선),성수성수(외선),성수성수(내선)
15:15,15:18,17:08,17:09
성수성수(외선),성수성수(내선),성수성수(외선),성수성수(내선)
15:20,15:24,17:13,17:14
성수성수(외선),성수성수(내선),성수성수(외선),성수성수(내선)
15:25,15:30,17:18,17:19
성수성수(외선),성수성수(내선),성수성수(외선),성수성수(내선)
15:30,15:36,17:23,17:24
성수성수(외선),성수성수(내선),성수성수(외선),성수성수(내선)
15:35,15:41,17:28,17:30
성수성수(외선),성수성수(내선),성수성수(외선),성수성수(내선)
15:40,15:46,17:33,17:35
성수성수(외선),성수성수(내선),성수성수(외선),성수성수(내선)
15:46,15:52,17:39,17:42
성수성수(외선),성수성수(내선),성수성수(외선),성수성수(내선)
15:51,15:57,17:44,17:47
성수성수(외선),신도림성수(내선),성수성수(외선),성수성수(내선)
15:57,-,17:51,17:52
성수성수(외선),-,성수성수(외선),성수성수(내선)
16:02,16:01,17:56,17:58
성수성수(외선),성수성수(내선),성수신도림,성수성수(내선)
16:08,16:07,18:00,18:04
성수성수(외선),성수성수(내선),성수성수(외선),성수성수(내선)
16:14,16:12,18:03,18:09
성수성수(외선),성수성수(내선),성수성수(외선),성수성수(내선)
16:20,16:18,18:08,18:12
성수성수(외선),성수성수(내선),성수성수(외선),성수성수
16:26,16:24,18:14,18:15
성수성수(외선),성수성수(내선),성수성수(외선),신도림성수(내선)
16:30,16:30,18:19,18:19
성수성수(외선),성수성수(내선),성수성수(외선),성수성수(내선)
16:34,16:36,18:25,18:25
성수성수(외선),성수성수(내선),성수성수(외선),성수성수(내선)
16:38,16:42,18:31,18:30
성수성수(외선),성수성수(내선),성수성수(외선),성수성수(내선)
16:41,16:48,18:37,18:37
성수성수(외선),성수성수(내선),성수성수(외선),성수성수(내선)
16:45,16:54,18:43,18:42
성수성수(외선),성수성수(내선),성수성수(외선),성수성수(내선)
16:50,-,18:48,18:48
성수성수(외선),-,성수성수(외선),성수성수(내선)
16:54,-,18:54,18:53
성수성수(외선),-,성수성수(외선),성수성수(내선)
16:58,-,18:57,18:59
성수성수(외선),-,성수신도림,성수성수(내선)
17:01,17:00,19:03,19:04
성수성수(외선),성수성수(내선),성수성수,성수성수(내선)
17:05,17:06,19:09,19:10
성수성수(외선),성수성수(내선),성수성수(외선),성수성수(내선)
17:09,17:11,19:15,19:15
성수성수(외선),성수성수(내선),성수성수(외선),성수성수(내선)
17:16,17:13,19:21,19:21
성수성수(외선),신도림성수(내선),성수성수(외선),성수성수(내선)
17:20,17:17,19:27,19:26
성수성수(외선),성수성수(내선),성수성수(외선),성수성수(내선)
17:24,17:22,19:32,19:32
성수성수(외선),성수성수(내선),성수성수(외선),성수성수(내선)
17:28,17:27,19:38,19:37
성수성수(외선),성수성수(내선),성수성수(외선),성수성수(내선)
17:32,17:31,19:44,19:43
성수성수(외선),성수성수(내선),성수성수(외선),성수성수(내선)
17:35,17:37,19:49,19:48
성수성수(외선),성수성수(내선),성수성수(외선),성수성수(내선)
17:38,17:42,19:55,19:54
성수성수(외선),성수성수(내선),성수성수(외선),성수성수(내선)
17:44,17:45,-,19:59
성수성수(외선),신도림성수(내선),-,성수성수(내선)
17:47,17:48,20:01,20:05
성수성수(외선),성수성수(내선),성수성수(외선),성수성수(내선)
17:50,17:51,20:07,20:11
성수성수(외선),성수성수(내선),성수성수(외선),성수성수(내선)
17:53,17:54,20:13,20:17
성수성수(외선),성수성수(내선),성수성수(외선),성수성수(내선)
17:56,17:57,20:19,20:22
성수성수(외선),신도림성수(내선),성수성수(외선),성수성수(내선)
18:00,18:00,20:25,20:27
성수성수(외선),성수성수(내선),성수성수(외선),성수성수(내선)
18:04,18:06,20:31,20:32
성수성수(외선),성수성수(내선),성수성수(외선),성수성수(내선)
18:08,18:09,20:37,20:38
성수성수(외선),신도림성수(내선),성수성수(외선),성수성수(내선)
18:11,18:12,20:43,20:44
성수성수(외선),성수성수(내선),성수성수(외선),성수성수(내선)
18:15,18:14,20:49,20:50
성수성수(외선),신도림성수(내선),성수성수(외선),성수성수(내선)
18:20,18:17,20:55,20:56
성수성수(외선),성수성수(내선),성수성수(외선),성수성수(내선)
18:24,18:20,21:01,21:02
성수성수(외선),성수성수(내선),성수성수(외선),성수성수(내선)
18:28,18:25,21:07,21:08
성수성수(외선),성수성수(내선),성수성수(외선),성수성수(내선)
18:31,18:30,21:14,21:13
성수성수(외선),성수성수(내선),성수성수(외선),성수성수(내선)
18:35,18:33,21:20,21:21
성수성수(외선),성수성수(내선),성수성수(외선),성수성수(내선)
18:39,18:36,21:26,21:28
성수성수(외선),성수성수(내선),성수성수(외선),성수성수(내선)
18:43,18:38,21:31,21:35
성수성수(외선),신도림성수(내선),성수성수,성수성수(내선)
18:46,18:41,21:37,21:41
성수성수,성수성수(내선),성수성수(외선),성수성수(내선)
18:50,18:43,21:43,21:48
성수성수(외선),성수성수(내선),성수성수(외선),성수성수(내선)
18:54,18:47,21:49,21:56
성수성수(외선),성수성수(내선),성수성수(외선),성수성수(내선)
18:58,18:50,21:55,-
성수성수(외선),성수성수(내선),성수성수,-
-,18:53,22:02,22:02
-,성수성수(내선),성수성수(외선),성수성수(내선)
-,18:57,22:09,22:09
-,성수성수(내선),성수성수(외선),성수성수(내선)
19:02,19:01,22:13,22:16
성수성수,성수성수(내선),성수신도림,성수성수(내선)
19:05,19:04,22:19,22:24
성수성수(외선),성수성수(내선),성수성수(외선),성수성수(내선)
19:09,19:07,22:26,22:32
성수신도림,성수성수(내선),성수성수(외선),성수성수(내선)
19:14,19:11,22:31,22:38
성수성수,성수성수(내선),성수신도림,성수성수(내선)
19:17,19:15,22:37막,22:45
성수성수(외선),성수성수(내선),성수성수(외선),성수성수(내선)
19:20,19:18,22:44,22:57
성수신도림,성수성수(내선),성수성수,성수성수(내선)
19:23,19:20,22:50,-
성수성수(외선),성수성수(내선),성수성수,-
19:27,19:22,22:57막,-
성수성수(외선),성수성수(내선),성수성수,-
19:30,19:24,23:04,23:08
성수신도림,성수성수(내선),성수신도림,성수성수
19:34,19:27,23:11막,23:18막
성수성수(외선),성수성수(내선),성수삼성,성수성수(내선)
19:38,19:31,23:19,23:29
성수성수(외선),성수성수(내선),성수신도림,성수성수
19:41,19:36,23:33막,23:37막
성수신도림,성수성수,성수서울대입구,성수성수
19:45,19:39,23:41,23:53막
성수성수(외선),성수성수(내선),성수신도림,성수을지로입구
19:50,19:42,23:47막,-
성수성수(외선),성수성수(내선),성수신도림,-
19:54,19:45,23:56막,-
성수성수(외선),성수성수(내선),성수홍대입구,-
19:58,19:48,-,-
성수성수(외선),성수성수(내선),-,-
-,19:51,-,-
-,성수성수,-,-
-,19:55,-,-
-,성수성수(내선),-,-
20:02,20:00,-,-
성수성수(외선),성수성수(내선),-,-
20:05,20:03,-,-
성수신도림,성수성수(내선),-,-
20:09,20:08,-,-
성수성수(외선),성수성수(내선),-,-
20:14,20:11,-,-
성수성수(외선),성수성수,-,-
20:19,20:13,-,-
성수성수(외선),성수성수(내선),-,-
20:24,20:17,-,-
성수성수(외선),성수성수(내선),-,-
20:29,20:20,-,-
성수성수(외선),성수성수(내선),-,-
20:36,20:24,-,-
성수성수(외선),성수성수,-,-
20:47,20:27,-,-
성수성수(외선),성수성수(내선),-,-
20:54,20:31,-,-
성수성수(외선),성수성수(내선),-,-
20:59,20:34,-,-
성수성수(외선),성수성수(내선),-,-
-,20:37,-,-
-,성수성수,-,-
-,20:41,-,-
-,성수성수(내선),-,-
-,20:45,-,-
-,성수성수(내선),-,-
-,20:48,-,-
-,성수성수,-,-
-,20:51,-,-
-,성수성수(내선),-,-
-,20:58,-,-
-,성수성수(내선),-,-
21:04,21:03,-,-
성수신도림,성수성수,-,-
21:08,21:08,-,-
성수성수(외선),성수성수(내선),-,-
21:15,21:15,-,-
성수성수(외선),성수성수(내선),-,-
21:20,21:19,-,-
성수성수(외선),성수성수(내선),-,-
21:24,21:25,-,-
성수신도림,성수성수(내선),-,-
21:29,21:30,-,-
성수성수(외선),성수성수(내선),-,-
21:33,21:35,-,-
성수신도림,성수성수(내선),-,-
21:38,21:42,-,-
성수성수(외선),성수성수(내선),-,-
21:44,21:47,-,-
성수성수(외선),성수성수(내선),-,-
21:49,21:52,-,-
성수성수(외선),성수성수(내선),-,-
21:55,21:57,-,-
성수성수(외선),성수성수(내선),-,-
22:00,22:01,-,-
성수성수(외선),성수성수,-,-
22:07,22:05,-,-
성수성수(외선),성수성수(내선),-,-
22:17,22:10,-,-
성수성수(외선),성수성수(내선),-,-
22:24,22:16,-,-
성수성수(외선),성수성수(내선),-,-
22:31,22:22,-,-
성수성수(외선),성수성수(내선),-,-
22:39,22:29,-,-
성수성수(외선),성수성수(내선),-,-
22:45,22:38,-,-
성수신도림,성수성수(내선),-,-
22:50,22:45,-,-
성수성수(외선),성수성수(내선),-,-
-,22:50,-,-
-,성수성수(내선),-,-
-,22:56,-,-
-,성수성수(내선),-,-
23:00,23:01,-,-
성수성수(외선),성수성수(내선),-,-
23:08,23:06,-,-
성수성수,성수성수(내선),-,-
23:15,23:12,-,-
성수성수(외선),성수성수(내선),-,-
23:20,23:22,-,-
성수신도림,성수성수(내선),-,-
23:26,23:35,-,-
성수성수(외선),성수성수(내선),-,-
23:31,23:46,-,-
성수신도림,성수성수(내선),-,-
23:39막,23:53,-,-
성수성수(외선),성수성수,-,-
23:47,-,-,-
성수신도림,-,-,-
23:54막,-,-,-
성수성수,-,-,-
0:01,0:00,-,-
성수신도림,성수성수(내선),-,-
00:11막,0:09,-,-
성수삼성,성수성수,-,-
0:20,00:20막,-,-
성수신도림,성수성수(내선),-,-
00:31막,0:29,-,-
성수서울대입구,성수성수,-,-
00:45막,00:37막,-,-
성수신도림,성수성수,-,-
00:56막,00:53막,-,-
성수홍대입구,성수을지로입구,-,-
