﻿종합운동장방면,선릉방면,종합운동장방면,선릉방면
평일,평일,주말,주말
05:30첫,05:30첫,05:30첫,05:30첫
삼성성수(외선),삼성성수(내선),삼성성수(외선),삼성성수(내선)
5:50,5:46,5:49,5:46
서울대입구성수(외선),성수성수(내선),서울대입구성수(외선),성수성수(내선)
-,5:56,-,5:56
-,성수성수(내선),-,성수성수(내선)
6:03,6:03,6:02,6:04
신도림성수(외선),성수성수(내선),신도림성수(외선),성수성수(내선)
6:09,6:10,6:08,6:14
신도림성수(외선),성수성수(내선),신도림성수(외선),성수성수(내선)
6:15,6:14,6:14,6:19
홍대입구성수(외선),성수성수(내선),홍대입구성수(외선),성수성수(내선)
6:21,6:20,6:20,6:25
신도림성수(외선),성수성수(내선),신도림성수(외선),성수성수(내선)
6:27,6:26,6:26,6:31
을지로입구성수(외선),성수성수(내선),을지로입구성수(외선),성수성수(내선)
6:33,6:33,6:32,6:37
신도림성수(외선),성수성수(내선),신도림성수(외선),성수성수(내선)
6:42,6:39,6:37,6:43
성수성수(외선),성수성수(내선),신도림성수(외선),성수성수(내선)
6:46,6:43,6:43,6:49
신도림성수(외선),성수성수(내선),성수성수(외선),성수성수(내선)
6:52,6:46,6:49,6:55
성수성수(외선),성수성수(내선),신도림성수(외선),성수성수(내선)
6:56,6:53,6:55,6:59
신도림성수(외선),성수성수(내선),성수성수(외선),성수성수(내선)
-,6:56,7:01,7:03
-,성수성수(내선),성수성수(외선),성수성수(내선)
7:02,7:00,7:07,7:09
성수성수(외선),성수성수(내선),성수성수(외선),성수성수(내선)
7:07,7:06,7:14,7:15
신도림성수(외선),성수성수(내선),성수성수(외선),성수성수(내선)
7:12,7:10,7:20,7:20
성수성수(외선),성수성수(내선),성수성수(외선),성수성수(내선)
7:17,7:13,7:26,7:25
신도림성수(외선),성수성수(내선),성수성수(외선),성수성수(내선)
7:22,7:17,7:32,7:31
성수성수(외선),성수성수(내선),성수성수(외선),성수성수(내선)
7:27,7:20,7:38,7:36
신도림성수(외선),성수성수(내선),성수성수(외선),성수성수(내선)
7:31,7:24,7:44,7:42
성수성수(외선),성수성수(내선),성수성수(외선),성수성수(내선)
7:37,7:28,7:49,7:47
성수성수(외선),성수성수(내선),성수성수(외선),성수성수(내선)
7:41,7:32,7:55,7:53
성수성수(외선),성수성수(내선),성수성수(외선),성수성수(내선)
7:44,7:35,-,7:58
신도림성수(외선),성수성수(내선),-,성수성수(내선)
7:47,7:39,8:01,8:04
성수성수(외선),성수성수(내선),성수성수(외선),성수성수(내선)
7:50,7:42,8:07,8:09
성수성수(외선),성수성수(내선),성수성수(외선),성수성수(내선)
7:52,7:46,8:12,8:15
성수성수(외선),성수성수(내선),성수성수(외선),성수성수(내선)
7:55,7:49,8:18,8:20
신도림성수(외선),성수성수(내선),성수성수(외선),성수성수(내선)
7:58,7:52,8:22,8:26
성수성수(외선),성수성수(내선),신도림성수(외선),성수성수(내선)
-,7:56,8:27,8:31
-,성수성수(내선),성수성수(외선),성수성수(내선)
-,7:59,8:33,8:37
-,성수성수(내선),성수성수(외선),성수성수(내선)
8:01,8:02,8:38,8:42
성수성수(외선),성수성수(내선),성수성수(외선),성수성수(내선)
8:05,8:05,8:44,8:48
성수성수(외선),성수성수(내선),성수성수(외선),성수성수(내선)
8:08,8:08,8:47,8:53
신도림성수(외선),성수성수(내선),성수성수,성수성수(내선)
8:11,8:12,8:56,8:59
성수성수(외선),성수성수(내선),성수성수(외선),성수성수(내선)
8:14,8:16,9:02,9:04
신도림성수(외선),성수성수(내선),성수성수(외선),성수성수(내선)
8:17,8:19,9:08,9:09
성수성수(외선),성수성수,성수성수(외선),성수성수
8:20,8:22,9:12,9:15
신도림성수(외선),성수성수(내선),신도림성수(외선),성수성수(내선)
8:22,8:25,9:15,9:21
신도림성수(외선),성수성수(내선),성수성수,성수성수(내선)
8:25,8:29,9:19,9:27
성수성수(외선),성수성수(내선),성수성수(외선),성수성수(내선)
8:27,8:33,9:25,9:32
신도림성수(외선),성수성수,성수성수(외선),성수성수(내선)
8:30,8:36,9:31,9:35
성수성수(외선),성수성수(내선),성수성수(외선),성수성수(내선)
8:32,8:39,9:37,9:38
신도림성수(외선),성수성수(내선),성수성수(외선),성수성수(내선)
8:35,8:43,9:40,9:43
성수성수(외선),성수성수(내선),신도림성수(외선),성수성수(내선)
8:37,8:46,9:43,9:49
신도림성수(외선),성수성수(내선),성수성수,성수성수
8:40,8:50,9:47,9:54
성수성수(외선),성수성수,성수성수(외선),성수성수(내선)
8:42,8:53,9:52,9:59
신도림성수(외선),성수성수(내선),성수성수(외선),성수성수(내선)
8:45,8:57,9:58,-
성수성수,성수성수(내선),성수성수(외선),-
8:47,-,10:03,10:05
신도림성수(외선),-,성수성수(외선),성수성수(내선)
8:50,-,10:08,10:10
성수성수(외선),-,성수성수(외선),성수성수(내선)
8:52,-,10:14,10:16
신도림성수(외선),-,성수성수(외선),성수성수(내선)
8:55,-,10:20,10:21
성수성수(외선),-,성수성수(외선),성수성수(내선)
8:57,-,10:25,10:27
성수성수(외선),-,성수성수(외선),성수성수
9:00,9:01,10:30,10:32
성수성수(외선),성수성수(내선),신도림성수(외선),성수성수(내선)
9:04,9:05,10:36,10:38
성수성수(외선),성수성수(내선),성수성수(외선),성수성수(내선)
9:06,9:08,10:41,10:43
성수성수(외선),성수성수,성수성수(외선),성수성수(내선)
9:09,9:11,10:47,10:48
성수성수(외선),성수성수(내선),성수성수(외선),성수성수(내선)
9:13,9:15,10:52,10:51
성수성수(외선),성수성수(내선),성수성수(외선),성수성수(내선)
9:16,9:18,10:57,10:54
성수성수(외선),성수성수,신도림성수(외선),성수성수(내선)
9:19,9:21,-,10:59
성수성수,성수성수(내선),-,성수성수(내선)
9:22,9:24,11:02,11:05
성수성수(외선),성수성수(내선),성수성수(외선),성수성수(내선)
9:24,9:28,11:07,11:10
성수성수(외선),성수성수(내선),성수성수(외선),성수성수(내선)
9:27,09:31첫,11:12,11:15
성수성수(외선),성수신도림,성수성수(외선),성수성수(내선)
9:30,9:34,11:17,11:23
성수성수,성수성수(내선),성수성수(외선),성수성수(내선)
9:33,9:37,11:23,11:28
성수성수(외선),성수성수(내선),성수성수(외선),성수성수(내선)
9:39,9:40,11:28,11:34
성수성수(외선),성수성수(내선),성수성수(외선),성수성수(내선)
9:43,9:43,11:33,11:39
성수성수,성수신도림,성수성수(외선),성수성수(내선)
9:46,9:46,11:38,11:44
성수성수(외선),성수성수(내선),성수성수(외선),성수성수(내선)
9:52,9:53,11:43,11:49
성수성수(외선),성수성수(내선),성수성수(외선),성수성수(내선)
9:54,9:56,11:48,11:54
성수성수(외선),성수신도림,성수성수(외선),성수성수(내선)
9:56,-,11:53,-
성수성수,-,성수성수(외선),-
9:58,-,11:59,-
성수성수(외선),-,성수성수(외선),-
10:01,10:00,12:06,12:01
성수성수(외선),성수성수(내선),성수성수(외선),성수성수(내선)
10:03,10:06,12:12,12:07
성수성수(외선),성수성수(내선),성수성수(외선),성수성수(내선)
10:06,10:10,12:17,12:12
성수성수,성수신도림,성수성수(외선),성수성수(내선)
10:08,10:13,12:23,12:17
성수성수(외선),성수성수(내선),성수성수(외선),성수성수(내선)
10:11,10:17,12:28,12:22
성수성수(외선),성수성수(내선),성수성수(외선),성수성수(내선)
10:13,10:23,12:33,12:26
성수성수(외선),성수성수(내선),성수성수(외선),성수성수(내선)
10:18,10:27,12:38,12:31
성수성수(외선),성수성수(내선),성수성수(외선),성수성수(내선)
10:22,10:32,12:43,12:35
성수성수(외선),성수성수(내선),성수성수(외선),성수성수(내선)
10:26,10:36,12:48,12:40
성수성수,성수신도림,성수성수(외선),성수성수(내선)
10:28,10:42,12:53,12:46
성수성수(외선),성수성수(내선),성수성수(외선),성수성수(내선)
10:34,10:46,12:58,12:53
성수성수(외선),성수성수(내선),성수성수(외선),성수성수(내선)
10:37,10:52,-,12:59
성수성수,성수성수(내선),-,성수성수(내선)
10:42,10:55,13:03,13:04
성수성수(외선),성수신도림,성수성수(외선),성수성수(내선)
10:47,10:58,13:08,13:09
성수성수(외선),성수성수(내선),성수성수(외선),성수성수(내선)
10:52,-,13:13,13:14
성수성수(외선),-,성수성수(외선),성수성수(내선)
10:57,-,13:18,13:19
성수성수(외선),-,성수성수(외선),성수성수(내선)
11:03,11:04,13:23,13:25
성수성수(외선),성수성수(내선),성수성수(외선),성수성수(내선)
11:09,11:07,13:29,13:32
성수성수(외선),성수신도림,성수성수(외선),성수성수(내선)
11:15,11:10,13:36,13:38
성수성수(외선),성수성수(내선),성수성수(외선),성수성수(내선)
11:21,11:16,13:43,13:43
성수성수(외선),성수성수(내선),성수성수(외선),성수성수(내선)
11:24,11:23,13:48,13:48
성수성수(외선),성수성수(내선),성수성수(외선),성수성수(내선)
11:29,11:29,13:53,13:52
성수성수(외선),성수성수(내선),성수성수(외선),성수성수(내선)
11:34,11:36,13:58,13:57
성수성수(외선),성수성수(내선),성수성수(외선),성수성수(내선)
11:39,11:42,14:03,14:01
성수성수(외선),성수성수(내선),성수성수(외선),성수성수(내선)
11:44,11:47,14:08,14:05
성수성수(외선),성수성수(내선),성수성수(외선),성수성수(내선)
11:49,11:52,14:13,14:10
성수성수(외선),성수성수(내선),성수성수(외선),성수성수(내선)
11:53,11:57,14:18,14:16
성수성수(외선),성수성수(내선),성수성수(외선),성수성수(내선)
11:59,-,14:23,14:23
성수성수(외선),-,성수성수(외선),성수성수(내선)
12:04,12:03,14:28,14:29
성수성수(외선),성수성수(내선),성수성수(외선),성수성수(내선)
12:11,12:12,14:33,14:34
성수성수(외선),성수성수(내선),성수성수(외선),성수성수(내선)
12:17,12:17,14:38,14:39
성수성수(외선),성수성수(내선),성수성수(외선),성수성수
12:22,12:22,14:43,14:44
성수성수(외선),성수성수(내선),성수성수(외선),성수성수(내선)
12:28,12:28,14:48,14:49
성수성수(외선),성수성수(내선),성수성수(외선),성수성수(내선)
12:34,12:34,14:53,14:55
성수성수(외선),성수성수(내선),성수성수(외선),성수성수(내선)
12:39,12:40,14:59,14:59
성수성수(외선),성수성수(내선),성수성수(외선),성수성수(내선)
12:45,12:46,15:06,15:04
성수성수(외선),성수성수(내선),성수성수(외선),성수성수(내선)
12:51,12:52,15:13,15:09
성수성수(외선),성수성수(내선),성수성수(외선),성수성수(내선)
12:56,12:58,15:18,15:14
성수성수(외선),성수성수(내선),성수성수(외선),성수성수(내선)
13:00,13:05,15:23,15:19
성수성수(외선),성수성수(내선),성수성수(외선),성수성수(내선)
13:05,13:10,15:28,15:23
성수성수(외선),성수성수(내선),성수성수(외선),성수성수(내선)
13:10,13:16,15:33,15:28
성수성수(외선),성수성수(내선),성수성수(외선),성수성수(내선)
13:14,13:21,15:38,15:31첫
성수성수(외선),성수성수(내선),성수성수(외선),성수신도림
13:20,13:26,15:43,15:35
성수성수(외선),성수성수(내선),신도림성수(외선),성수성수(내선)
13:25,13:33,15:48,15:40
성수성수(외선),성수성수(내선),성수성수(외선),성수성수(내선)
13:30,13:41,15:53,15:47
성수성수(외선),성수성수(내선),성수성수(외선),성수성수(내선)
13:35,13:47,15:58,15:53
성수성수(외선),성수성수(내선),성수성수(외선),성수성수(내선)
13:41,13:52,-,15:59
성수성수(외선),성수성수(내선),-,성수성수(내선)
13:47,13:58,16:03,16:04
성수성수(외선),성수성수(내선),성수성수(외선),성수성수(내선)
13:52,-,16:08,16:09
성수성수(외선),-,성수성수(외선),성수성수(내선)
13:58,-,16:13,16:14
성수성수(외선),-,성수성수(외선),성수성수(내선)
14:04,14:04,16:18,16:19
성수성수(외선),성수성수(내선),성수성수(외선),성수성수(내선)
14:10,14:10,16:23,16:24
성수성수(외선),성수성수(내선),성수성수(외선),성수성수(내선)
14:15,14:16,16:29,16:29
성수성수(외선),성수성수(내선),성수성수(외선),성수성수(내선)
14:21,14:22,16:37,16:35
성수성수(외선),성수성수(내선),성수성수(외선),성수성수(내선)
14:25,14:28,16:43,16:40
성수성수(외선),성수성수(내선),신도림성수(외선),성수성수(내선)
14:30,14:34,16:48,16:45
성수성수(외선),성수성수(내선),성수성수(외선),성수성수(내선)
14:35,14:40,16:53,16:49
성수성수(외선),성수성수(내선),성수성수(외선),성수신도림
14:40,14:46,16:58,16:54
성수성수(외선),성수성수(내선),성수성수(외선),성수성수(내선)
14:45,14:51,-,16:59
성수성수(외선),성수성수(내선),-,성수성수(내선)
14:50,14:56,17:03,17:04
성수성수(외선),성수성수(내선),성수성수(외선),성수성수(내선)
14:55,-,17:10,17:08
성수성수(외선),-,성수성수(외선),성수신도림
15:00,15:03,17:16,17:12
성수성수(외선),성수성수(내선),성수성수(외선),성수성수(내선)
15:05,15:11,17:23,17:16
성수성수(외선),성수성수(내선),성수성수(외선),성수성수(내선)
15:11,15:17,17:28,17:19
성수성수(외선),성수성수(내선),성수성수(외선),성수성수(내선)
15:17,15:22,17:33,17:24
성수성수(외선),성수성수(내선),성수성수(외선),성수성수
15:22,15:28,17:38,17:30
성수성수(외선),성수성수(내선),성수성수(외선),성수성수(내선)
15:28,15:34,17:44,17:35
성수성수(외선),성수성수(내선),성수성수(외선),성수성수(내선)
15:34,15:40,17:48,17:40
성수성수(외선),성수성수(내선),성수성수,성수성수(내선)
15:40,15:46,17:51,17:44
성수성수(외선),성수성수(내선),성수성수(외선),성수신도림
15:45,15:52,17:57,17:49
성수성수(외선),성수성수(내선),성수성수(외선),성수성수(내선)
15:50,15:58,-,17:54
성수성수(외선),성수성수(내선),-,성수성수(내선)
15:54,-,18:02,18:00
성수성수(외선),-,성수성수(외선),성수성수(내선)
16:00,16:04,18:07,18:05
성수성수(외선),성수성수(내선),성수성수(외선),성수성수(내선)
16:05,16:10,18:13,18:11
성수성수(외선),성수성수(내선),성수성수(외선),성수성수(내선)
16:10,16:16,18:18,18:16
성수성수(외선),성수성수(내선),성수성수(외선),성수성수(내선)
16:14,16:21,18:23,18:22
성수성수(외선),성수성수(내선),성수성수(외선),성수성수(내선)
16:20,16:27,18:28,18:27
성수성수(외선),성수성수(내선),성수성수(외선),성수성수(내선)
16:25,16:32,18:34,18:33
성수성수(외선),성수성수(내선),성수성수(외선),성수성수(내선)
16:29,16:37,18:41,18:38
성수성수(외선),성수성수(내선),성수성수(외선),성수성수(내선)
16:35,16:41,18:47,18:44
성수성수(외선),성수성수(내선),성수성수(외선),성수성수(내선)
16:40,16:47,18:52,18:49
성수성수(외선),성수성수(내선),성수성수(외선),성수성수(내선)
16:47,16:52,18:58,18:55
성수성수(외선),성수성수(내선),성수성수(외선),성수성수(내선)
16:52,16:58,19:03,19:00
성수성수(외선),성수성수(내선),성수성수(외선),성수성수(내선)
16:58,-,19:09,19:06
성수성수(외선),-,성수성수(외선),성수성수(내선)
17:04,17:01,19:15,19:11
성수성수(외선),성수성수(내선),성수성수(외선),성수성수(내선)
17:07,17:04,19:21,19:17
신도림성수(외선),성수성수(내선),성수성수(외선),성수성수(내선)
17:10,17:10,19:27,19:22
성수성수(외선),성수성수(내선),성수성수(외선),성수성수(내선)
17:15,17:16,19:32,19:28
성수성수(외선),성수성수(내선),성수성수(외선),성수성수(내선)
17:20,17:22,19:38,19:33
성수성수(외선),성수성수(내선),성수성수(외선),성수성수(내선)
17:24,17:27,19:44,19:39
성수성수(외선),성수성수(내선),성수성수(외선),성수성수(내선)
17:27,17:30,19:50,19:44
성수성수(외선),성수성수(내선),신도림성수(외선),성수성수(내선)
17:31,17:35,19:53,19:50
성수성수(외선),성수성수(내선),성수성수,성수성수(내선)
17:35,17:40,19:57,19:55
성수성수(외선),성수성수(내선),성수성수(외선),성수성수(내선)
17:40,17:43,20:03,20:01
성수성수(외선),성수성수(내선),성수성수(외선),성수성수(내선)
17:44,17:46,20:09,20:06
성수성수(외선),성수성수(내선),성수성수(외선),성수성수(내선)
17:47,17:51,20:15,20:12
성수성수(외선),성수성수(내선),성수성수(외선),성수성수(내선)
17:51,17:54,20:21,20:18
성수성수(외선),성수성수(내선),성수성수(외선),성수성수(내선)
17:55,17:57,20:27,20:23
성수성수(외선),성수성수(내선),성수성수(외선),성수성수(내선)
17:59,-,20:33,20:28
성수성수(외선),-,성수성수(외선),성수신도림
18:03,18:00,20:39,20:34
신도림성수(외선),성수성수(내선),성수성수(외선),성수성수(내선)
18:06,18:03,20:45,20:39
성수성수(외선),성수성수(내선),성수성수(외선),성수성수(내선)
18:10,18:07,20:51,20:45
성수성수(외선),성수성수(내선),성수성수(외선),성수성수(내선)
18:14,18:11,20:57,20:52
성수성수(외선),성수성수(내선),성수성수(외선),성수성수(내선)
18:18,18:14,-,20:58
성수성수(외선),성수성수(내선),-,성수성수(내선)
18:22,18:17,21:03,21:03
성수성수(외선),성수성수(내선),성수성수(외선),성수신도림
18:25,18:22,21:09,21:08
성수성수(외선),성수성수(내선),성수성수(외선),성수성수(내선)
18:28,18:25,21:15,21:13
성수성수(외선),성수성수(내선),성수성수(외선),성수성수(내선)
18:34,18:28,21:21,21:19
성수성수(외선),성수성수(내선),성수성수(외선),성수성수(내선)
18:37,18:30,21:27,21:25
성수성수(외선),성수성수(내선),성수성수(외선),성수성수(내선)
18:40,18:32,21:33,21:31
성수성수(외선),성수성수(내선),성수성수(외선),성수신도림
18:43,18:34,21:39,21:36
성수성수(외선),성수성수(내선),성수성수(외선),성수성수(내선)
18:46,18:37,21:45,21:43
성수성수(외선),성수성수(내선),성수성수(외선),성수성수(내선)
18:50,18:41,21:51,21:49
성수성수(외선),성수성수(내선),성수성수(외선),성수성수(내선)
18:54,18:46,21:57,21:56
성수성수(외선),성수성수,성수성수(외선),성수성수(내선)
18:57,18:49,22:03,22:02
성수성수(외선),성수성수(내선),성수성수(외선),성수신도림
-,18:52,22:10,22:08
-,성수성수(내선),성수성수(외선),성수성수(내선)
-,18:55,22:16,22:15
-,성수성수(내선),성수성수(외선),성수신도림
-,18:58,22:21,22:22
-,성수성수(내선),성수성수,성수성수
19:01,19:01,22:24,22:29막
성수성수(외선),성수성수,성수성수(외선),성수성수(내선)
19:05,19:05,22:31,22:36
성수성수(외선),성수성수(내선),성수성수(외선),성수신도림
19:10,19:10,22:38,22:42
성수성수(외선),성수성수(내선),성수성수(외선),성수성수
19:14,19:14,22:43,22:49막
성수성수(외선),성수성수(내선),성수성수,성수성수
19:17,19:16,22:52,22:57
성수성수(외선),성수신도림,성수성수(외선),성수신도림
19:21,19:19,22:59,-
성수성수(외선),성수성수(내선),성수성수(외선),-
19:25,19:21,23:07,23:04막
성수성수(외선),성수성수,성수성수(외선),성수을지로입구
19:29,19:24,23:16,23:12
성수성수(외선),성수성수(내선),성수성수(외선),성수신도림
19:33,19:27,23:25막,23:19막
성수성수(외선),성수성수(내선),성수성수(외선),성수홍대입구
19:36,19:30,23:31,23:27막
성수성수,성수성수(내선),성수성수,성수신도림
19:39,19:34,23:37,23:39막
성수성수(외선),성수성수,성수성수,성수서울대입구
19:44,19:37,23:44막,-
성수성수(외선),성수성수(내선),성수성수,-
19:48,19:41,-,-
성수성수(외선),성수성수(내선),-,-
19:52,19:44,-,-
성수성수,성수성수(내선),-,-
19:55,19:47,-,-
성수성수(외선),성수성수,-,-
-,19:51,-,-
-,성수성수(내선),-,-
-,19:55,-,-
-,성수성수(내선),-,-
-,19:58,-,-
-,성수성수,-,-
20:03,20:01,-,-
성수성수,성수성수(내선),-,-
20:07,20:04,-,-
성수성수(외선),성수신도림,-,-
20:13,20:08,-,-
성수성수(외선),성수성수(내선),-,-
20:16,20:13,-,-
성수성수(외선),성수성수,-,-
20:24,20:19,-,-
성수성수(외선),성수성수(내선),-,-
20:27,20:22,-,-
성수성수(외선),성수신도림,-,-
20:35,20:25,-,-
성수성수(외선),성수성수(내선),-,-
20:40,20:29,-,-
성수성수(외선),성수성수(내선),-,-
20:44,20:35,-,-
성수성수(외선),성수성수(내선),-,-
20:47,20:40,-,-
성수성수(외선),성수성수(내선),-,-
20:51,20:45,-,-
성수성수(외선),성수성수(내선),-,-
20:58,20:49,-,-
성수성수(외선),성수신도림,-,-
-,20:53,-,-
-,성수성수(내선),-,-
-,20:57,-,-
-,성수성수(내선),-,-
21:04,21:02,-,-
성수성수(외선),성수성수(내선),-,-
21:09,21:07,-,-
성수성수(외선),성수성수(내선),-,-
21:14,21:11,-,-
성수성수(외선),성수성수,-,-
21:19,21:15,-,-
성수성수(외선),성수성수(내선),-,-
21:26,21:21,-,-
성수성수(외선),성수성수(내선),-,-
21:36,21:26,-,-
성수성수(외선),성수성수(내선),-,-
21:43,21:32,-,-
성수성수(외선),성수성수(내선),-,-
21:50,21:39,-,-
성수성수(외선),성수성수(내선),-,-
21:58,21:48,-,-
성수성수(외선),성수성수(내선),-,-
-,21:55,-,-
-,성수성수(내선),-,-
22:05,22:00,-,-
성수성수(외선),성수성수(내선),-,-
22:10,22:06,-,-
성수성수(외선),성수성수(내선),-,-
22:18,22:11,-,-
성수성수(외선),성수성수(내선),-,-
22:28,22:16,-,-
성수성수(외선),성수성수(내선),-,-
22:34,22:22,-,-
성수성수(외선),성수성수(내선),-,-
22:39,22:27,-,-
성수성수(외선),성수신도림,-,-
22:45,22:32,-,-
성수성수(외선),성수성수(내선),-,-
22:50,22:38,-,-
성수성수(외선),성수신도림,-,-
22:57,22:45,-,-
성수성수(외선),성수성수(내선),-,-
-,22:51,-,-
-,성수신도림,-,-
-,22:56,-,-
-,성수성수(내선),-,-
23:06,23:03,-,-
성수성수(외선),성수성수,-,-
23:14,23:10,-,-
성수성수(외선),성수성수(내선),-,-
23:21,23:19,-,-
성수성수(외선),성수성수,-,-
23:29,23:25,-,-
성수성수(외선),성수신도림,-,-
23:40,23:30막,-,-
성수성수(외선),성수성수(내선),-,-
23:49,23:36,-,-
성수성수(외선),성수신도림,-,-
23:58,23:41,-,-
성수성수,성수성수,-,-
-,23:47막,-,-
-,성수성수,-,-
-,23:54,-,-
-,성수신도림,-,-
0:05,00:03막,-,-
성수성수(외선),성수을지로입구,-,-
0:16,00:15막,-,-
성수성수(외선),성수홍대입구,-,-
00:29막,00:27막,-,-
성수성수(외선),성수신도림,-,-
00:44막,00:40막,-,-
성수성수,성수서울대입구,-,-
