﻿도림천방면,신정네거리방면,도림천방면,신정네거리방면
평일,평일,주말,주말
05:36첫,05:35첫,05:36첫,05:35첫
까치산신도림,신도림까치산,까치산신도림,신도림까치산
5:52,5:51,5:52,5:51
까치산신도림,신도림까치산,까치산신도림,신도림까치산
6:06,6:05,6:06,6:04
까치산신도림,신도림까치산,까치산신도림,신도림까치산
6:20,6:20,6:19,6:20
까치산신도림,신도림까치산,까치산신도림,신도림까치산
6:37,6:35,6:37,6:35
까치산신도림,신도림까치산,까치산신도림,신도림까치산
6:54,6:50,6:54,6:50
까치산신도림,신도림까치산,까치산신도림,신도림까치산
-,6:59,-,6:59
-,신도림까치산,-,신도림까치산
7:05,7:09,7:05,7:09
까치산신도림,신도림까치산,까치산신도림,신도림까치산
7:15,7:18,7:15,7:18
까치산신도림,신도림까치산,까치산신도림,신도림까치산
7:24,7:28,7:24,7:28
까치산신도림,신도림까치산,까치산신도림,신도림까치산
7:34,7:37,7:34,7:37
까치산신도림,신도림까치산,까치산신도림,신도림까치산
7:44,7:47,7:44,7:47
까치산신도림,신도림까치산,까치산신도림,신도림까치산
7:53,7:58,7:53,7:58
까치산신도림,신도림까치산,까치산신도림,신도림까치산
8:04,8:07,8:04,8:07
까치산신도림,신도림까치산,까치산신도림,신도림까치산
8:13,8:17,8:13,8:17
까치산신도림,신도림까치산,까치산신도림,신도림까치산
8:22,8:26,8:22,8:26
까치산신도림,신도림까치산,까치산신도림,신도림까치산
8:32,8:36,8:32,8:36
까치산신도림,신도림까치산,까치산신도림,신도림까치산
8:42,8:46,8:42,8:46
까치산신도림,신도림까치산,까치산신도림,신도림까치산
8:51,8:55,8:51,8:55
까치산신도림,신도림까치산,까치산신도림,신도림까치산
9:01,9:05,9:01,9:05
까치산신도림,신도림까치산,까치산신도림,신도림까치산
9:11,9:15,9:11,9:15
까치산신도림,신도림까치산,까치산신도림,신도림까치산
9:20,9:24,9:20,9:24
까치산신도림,신도림까치산,까치산신도림,신도림까치산
9:30,9:34,9:30,9:34
까치산신도림,신도림까치산,까치산신도림,신도림까치산
9:40,9:44,9:40,9:44
까치산신도림,신도림까치산,까치산신도림,신도림까치산
9:50,9:54,9:50,9:54
까치산신도림,신도림까치산,까치산신도림,신도림까치산
10:01,10:03,10:01,10:03
까치산신도림,신도림까치산,까치산신도림,신도림까치산
10:12,10:15,10:10,10:15
까치산신도림,신도림까치산,까치산신도림,신도림까치산
10:20,10:26,10:20,10:25
까치산신도림,신도림까치산,까치산신도림,신도림까치산
10:30,10:35,10:30,10:35
까치산신도림,신도림까치산,까치산신도림,신도림까치산
10:41,10:44,10:41,10:44
까치산신도림,신도림까치산,까치산신도림,신도림까치산
10:51,10:55,10:51,10:55
까치산신도림,신도림까치산,까치산신도림,신도림까치산
11:01,11:05,11:01,11:05
까치산신도림,신도림까치산,까치산신도림,신도림까치산
11:10,11:15,11:10,11:15
까치산신도림,신도림까치산,까치산신도림,신도림까치산
11:20,11:25,11:20,11:24
까치산신도림,신도림까치산,까치산신도림,신도림까치산
11:30,11:34,11:30,11:34
까치산신도림,신도림까치산,까치산신도림,신도림까치산
11:41,11:44,11:41,11:44
까치산신도림,신도림까치산,까치산신도림,신도림까치산
11:51,11:55,11:51,11:55
까치산신도림,신도림까치산,까치산신도림,신도림까치산
12:01,12:05,12:01,12:05
까치산신도림,신도림까치산,까치산신도림,신도림까치산
12:11,12:15,12:11,12:15
까치산신도림,신도림까치산,까치산신도림,신도림까치산
12:21,12:25,12:21,12:25
까치산신도림,신도림까치산,까치산신도림,신도림까치산
12:31,12:35,12:31,12:35
까치산신도림,신도림까치산,까치산신도림,신도림까치산
12:41,12:45,12:41,12:45
까치산신도림,신도림까치산,까치산신도림,신도림까치산
12:51,12:55,12:51,12:55
까치산신도림,신도림까치산,까치산신도림,신도림까치산
13:01,13:05,13:01,13:05
까치산신도림,신도림까치산,까치산신도림,신도림까치산
13:11,13:15,13:11,13:15
까치산신도림,신도림까치산,까치산신도림,신도림까치산
13:21,13:25,13:21,13:25
까치산신도림,신도림까치산,까치산신도림,신도림까치산
13:31,13:35,13:31,13:35
까치산신도림,신도림까치산,까치산신도림,신도림까치산
13:41,13:45,13:41,13:45
까치산신도림,신도림까치산,까치산신도림,신도림까치산
13:51,13:55,13:51,13:55
까치산신도림,신도림까치산,까치산신도림,신도림까치산
14:01,14:05,14:01,14:05
까치산신도림,신도림까치산,까치산신도림,신도림까치산
14:11,14:15,14:11,14:15
까치산신도림,신도림까치산,까치산신도림,신도림까치산
14:21,14:25,14:21,14:25
까치산신도림,신도림까치산,까치산신도림,신도림까치산
14:31,14:35,14:31,14:35
까치산신도림,신도림까치산,까치산신도림,신도림까치산
14:41,14:45,14:41,14:45
까치산신도림,신도림까치산,까치산신도림,신도림까치산
14:51,14:55,14:51,14:55
까치산신도림,신도림까치산,까치산신도림,신도림까치산
15:01,15:05,15:01,15:05
까치산신도림,신도림까치산,까치산신도림,신도림까치산
15:11,15:15,15:11,15:15
까치산신도림,신도림까치산,까치산신도림,신도림까치산
15:21,15:25,15:21,15:25
까치산신도림,신도림까치산,까치산신도림,신도림까치산
15:31,15:35,15:31,15:35
까치산신도림,신도림까치산,까치산신도림,신도림까치산
15:41,15:45,15:41,15:45
까치산신도림,신도림까치산,까치산신도림,신도림까치산
15:51,15:55,15:51,15:55
까치산신도림,신도림까치산,까치산신도림,신도림까치산
16:01,16:05,16:01,16:05
까치산신도림,신도림까치산,까치산신도림,신도림까치산
16:11,16:15,16:11,16:15
까치산신도림,신도림까치산,까치산신도림,신도림까치산
16:21,16:25,16:21,16:25
까치산신도림,신도림까치산,까치산신도림,신도림까치산
16:30,16:35,16:30,16:35
까치산신도림,신도림까치산,까치산신도림,신도림까치산
16:40,16:44,16:40,16:44
까치산신도림,신도림까치산,까치산신도림,신도림까치산
16:50,16:54,16:50,16:54
까치산신도림,신도림까치산,까치산신도림,신도림까치산
17:00,17:04,17:00,17:04
까치산신도림,신도림까치산,까치산신도림,신도림까치산
17:10,17:14,17:10,17:14
까치산신도림,신도림까치산,까치산신도림,신도림까치산
17:20,17:24,17:20,17:24
까치산신도림,신도림까치산,까치산신도림,신도림까치산
17:30,17:34,17:30,17:33
까치산신도림,신도림까치산,까치산신도림,신도림까치산
17:41,17:44,17:41,17:44
까치산신도림,신도림까치산,까치산신도림,신도림까치산
17:50,17:54,17:50,17:54
까치산신도림,신도림까치산,까치산신도림,신도림까치산
18:01,18:04,18:01,18:04
까치산신도림,신도림까치산,까치산신도림,신도림까치산
18:10,18:14,18:10,18:14
까치산신도림,신도림까치산,까치산신도림,신도림까치산
18:20,18:24,18:20,18:24
까치산신도림,신도림까치산,까치산신도림,신도림까치산
18:31,18:34,18:31,18:34
까치산신도림,신도림까치산,까치산신도림,신도림까치산
18:40,18:44,18:40,18:44
까치산신도림,신도림까치산,까치산신도림,신도림까치산
18:50,18:54,18:50,18:54
까치산신도림,신도림까치산,까치산신도림,신도림까치산
19:00,19:04,19:00,19:04
까치산신도림,신도림까치산,까치산신도림,신도림까치산
19:10,19:14,19:10,19:14
까치산신도림,신도림까치산,까치산신도림,신도림까치산
19:20,19:24,19:20,19:24
까치산신도림,신도림까치산,까치산신도림,신도림까치산
19:30,19:34,19:30,19:34
까치산신도림,신도림까치산,까치산신도림,신도림까치산
19:41,19:44,19:41,19:44
까치산신도림,신도림까치산,까치산신도림,신도림까치산
19:50,19:54,19:50,19:54
까치산신도림,신도림까치산,까치산신도림,신도림까치산
20:00,20:05,20:01,20:05
까치산신도림,신도림까치산,까치산신도림,신도림까치산
20:10,20:14,20:12,20:16
까치산신도림,신도림까치산,까치산신도림,신도림까치산
20:22,20:24,20:23,20:25
까치산신도림,신도림까치산,까치산신도림,신도림까치산
20:30,20:35,20:32,20:37
까치산신도림,신도림까치산,까치산신도림,신도림까치산
20:42,20:43,20:41,20:45
까치산신도림,신도림까치산,까치산신도림,신도림까치산
20:52,20:55,20:52,20:54
까치산신도림,신도림까치산,까치산신도림,신도림까치산
21:02,21:05,21:02,21:05
까치산신도림,신도림까치산,까치산신도림,신도림까치산
21:11,21:15,21:11,21:15
까치산신도림,신도림까치산,까치산신도림,신도림까치산
21:20,21:25,21:20,21:25
까치산신도림,신도림까치산,까치산신도림,신도림까치산
21:32,21:37,21:32,21:37
까치산신도림,신도림까치산,까치산신도림,신도림까치산
21:42,21:49,21:42,21:49
까치산신도림,신도림까치산,까치산신도림,신도림까치산
21:53,21:59,21:53,21:59
까치산신도림,신도림까치산,까치산신도림,신도림까치산
22:05,22:10,22:05,22:10
까치산신도림,신도림까치산,까치산신도림,신도림까치산
22:15,22:20,22:15,22:20
까치산신도림,신도림까치산,까치산신도림,신도림까치산
22:26,22:31,22:26,22:35
까치산신도림,신도림까치산,까치산신도림,신도림까치산
22:38,22:47,22:37,22:51
까치산신도림,신도림까치산,까치산신도림,신도림까치산
22:48,-,22:52,-
까치산신도림,-,까치산신도림,-
23:02,23:01,23:08,23:07
까치산신도림,신도림까치산,까치산신도림,신도림까치산
23:17,23:16,23:23,23:22
까치산신도림,신도림까치산,까치산신도림,신도림까치산
23:31,23:30,23:39,23:37
까치산신도림,신도림까치산,까치산신도림,신도림까치산
23:48,23:47,23:53막,23:52막
까치산신도림,신도림까치산,까치산신도림,신도림까치산
0:02,0:01,-,-
까치산신도림,신도림까치산,-,-
0:16,0:15,-,-
까치산신도림,신도림까치산,-,-
0:30,0:29,-,-
까치산신도림,신도림까치산,-,-
0:44,0:43,-,-
까치산신도림,신도림까치산,-,-
00:59막,00:56막,-,-
까치산신도림,신도림까치산,-,-
