﻿신림방면,구로디지털단지방면,신림방면,구로디지털단지방면
평일,평일,주말,주말
05:37첫,05:36첫,05:36첫,05:36첫
신도림성수(외선),서울대입구성수(내선),신도림성수(외선),서울대입구성수(내선)
5:43,5:56,5:42,5:54
신도림성수(외선),삼성성수(내선),신도림성수(외선),삼성성수(내선)
5:48,-,5:48,-
홍대입구성수(외선),-,홍대입구성수(외선),-
5:55,-,5:54,-
신도림성수(외선),-,신도림성수(외선),-
6:00,6:13,6:00,6:12
을지로입구성수(외선),성수성수(내선),을지로입구성수(외선),성수성수(내선)
6:07,6:23,6:05,6:22
신도림성수(외선),성수성수(내선),신도림성수(외선),성수성수(내선)
6:15,6:30,6:11,6:29
성수성수(외선),성수성수(내선),신도림성수(외선),성수성수(내선)
6:20,6:37,6:17,6:39
신도림성수(외선),성수성수(내선),성수성수(외선),성수성수(내선)
6:25,6:41,6:22,6:44
성수성수(외선),성수성수(내선),신도림성수(외선),성수성수(내선)
6:30,6:47,6:28,6:50
신도림성수(외선),성수성수(내선),성수성수(외선),성수성수(내선)
6:35,6:53,6:35,6:56
성수성수(외선),성수성수(내선),성수성수(외선),성수성수(내선)
6:40,-,6:41,-
신도림성수(외선),-,성수성수(외선),-
6:44,-,6:47,-
성수성수(외선),-,성수성수(외선),-
6:50,-,6:53,-
신도림성수(외선),-,성수성수(외선),-
6:54,-,6:59,-
성수성수(외선),-,성수성수(외선),-
6:59,-,7:05,7:02
신도림성수(외선),-,성수성수(외선),성수성수(내선)
7:03,7:00,7:11,7:08
성수성수(외선),성수성수(내선),성수성수(외선),성수성수(내선)
7:09,7:06,7:17,7:14
성수성수(외선),성수성수(내선),성수성수(외선),성수성수(내선)
7:13,7:10,7:23,7:20
성수성수(외선),성수성수(내선),성수성수(외선),성수성수(내선)
7:16,7:13,7:29,7:25
신도림성수(외선),성수성수(내선),성수성수(외선),성수성수(내선)
7:19,7:20,7:35,7:30
성수성수(외선),성수성수(내선),성수성수(외선),성수성수(내선)
7:22,7:24,7:41,7:35
성수성수(외선),성수성수(내선),성수성수(외선),성수성수(내선)
7:25,7:27,7:46,7:40
성수성수(외선),성수성수(내선),성수성수(외선),성수성수(내선)
7:28,7:34,7:52,7:45
신도림성수(외선),성수성수(내선),성수성수(외선),성수성수(내선)
7:31,7:38,7:56,7:50
성수성수(외선),성수성수(내선),신도림성수(외선),성수성수(내선)
7:34,7:41,-,7:56
성수성수(외선),성수성수(내선),-,성수성수(내선)
7:37,7:45,8:00,8:01
성수성수(외선),성수성수(내선),성수성수(외선),성수성수(내선)
7:40,7:48,8:06,8:07
신도림성수(외선),성수성수(내선),성수성수(외선),성수성수(내선)
7:44,7:52,8:12,8:12
성수성수(외선),성수성수(내선),성수성수(외선),성수성수(내선)
7:47,7:56,8:18,8:18
신도림성수(외선),성수성수(내선),성수성수(외선),성수성수(내선)
7:50,-,8:22,8:24
성수성수(외선),-,성수성수,성수성수(내선)
7:52,-,8:29,8:29
신도림성수(외선),-,성수성수(외선),성수성수(내선)
7:55,-,8:35,8:34
신도림성수(외선),-,성수성수(외선),성수성수(내선)
7:57,-,8:41,8:40
성수성수(외선),-,성수성수(외선),성수성수(내선)
8:00,8:00,8:45,8:45
신도림성수(외선),성수성수(내선),신도림성수(외선),성수성수(내선)
8:02,8:03,8:48,8:51
성수성수(외선),성수성수(내선),성수성수,성수성수(내선)
8:05,8:07,8:53,8:56
신도림성수(외선),성수성수(내선),성수성수(외선),성수성수(내선)
8:07,8:10,8:58,-
성수성수(외선),성수성수(내선),성수성수(외선),-
8:10,8:14,9:04,9:02
신도림성수(외선),성수성수(내선),성수성수(외선),성수성수(내선)
8:12,8:17,9:10,9:07
성수성수(외선),성수성수(내선),성수성수(외선),성수성수(내선)
8:15,8:20,9:13,9:13
신도림성수(외선),성수성수(내선),신도림성수(외선),성수성수(내선)
8:17,8:23,9:16,9:18
성수성수,성수성수(내선),성수성수,성수성수(내선)
8:20,8:27,9:21,9:24
신도림성수(외선),성수성수(내선),성수성수(외선),성수성수(내선)
8:23,8:30,9:26,9:29
성수성수(외선),성수성수(내선),성수성수(외선),성수성수(내선)
8:25,8:33,9:31,9:34
신도림성수(외선),성수성수(내선),성수성수(외선),성수성수
8:27,8:36,9:37,9:40
성수성수(외선),성수성수(내선),성수성수(외선),성수성수(내선)
8:30,8:40,9:42,9:46
성수성수(외선),성수성수(내선),성수성수(외선),성수성수(내선)
8:32,8:43,9:48,9:52
성수성수(외선),성수성수(내선),성수성수(외선),성수성수(내선)
8:36,8:46,9:53,9:57
성수성수(외선),성수성수,성수성수(외선),성수성수(내선)
8:39,8:49,9:59,-
성수성수(외선),성수성수(내선),성수성수(외선),-
8:42,8:53,10:05,10:01
성수성수(외선),성수성수(내선),신도림성수(외선),성수성수(내선)
8:46,8:57,10:10,10:05
성수성수(외선),성수성수(내선),성수성수(외선),성수성수(내선)
8:49,-,10:15,10:10
성수성수(외선),-,성수성수(외선),성수성수(내선)
8:52,-,10:21,10:15
성수성수,-,성수성수(외선),성수성수
8:55,-,10:27,10:20
성수성수(외선),-,성수성수(외선),성수성수(내선)
8:58,-,10:31,10:24
성수성수(외선),-,신도림성수(외선),성수성수(내선)
9:01,9:00,10:35,10:31
성수성수(외선),성수성수,성수성수(외선),성수성수(내선)
9:04,9:03,10:41,10:36
성수성수,성수성수(내선),성수성수(외선),성수성수(내선)
9:07,9:07,10:46,10:42
성수성수(외선),성수성수(내선),성수성수(외선),성수성수(내선)
9:12,9:10,10:51,10:48
성수성수(외선),성수성수(내선),성수성수(외선),성수성수(내선)
9:16,9:13,10:56,10:53
성수성수,성수성수(내선),성수성수(외선),성수성수
9:19,9:17,-,10:58
성수성수(외선),성수성수,-,성수성수(내선)
9:25,9:20,11:01,11:04
성수성수(외선),성수성수(내선),성수성수(외선),성수성수(내선)
9:28,9:24,11:06,11:09
성수성수(외선),성수성수(내선),성수성수(외선),성수성수(내선)
9:30,9:28,11:11,11:14
성수성수,성수성수(내선),성수성수(외선),성수성수(내선)
9:32,9:32,11:17,11:18
성수성수(외선),성수성수(내선),성수성수(외선),성수성수(내선)
9:34,9:35,11:22,11:20
성수성수(외선),성수성수,성수성수(외선),성수성수(내선)
9:37,9:38,11:27,11:26
성수성수(외선),성수성수(내선),성수성수(외선),성수성수(내선)
9:39,9:41,11:33,11:31
성수성수,성수성수(내선),성수성수(외선),성수성수(내선)
9:42,9:45,11:40,11:36
성수성수(외선),성수성수,성수성수(외선),성수성수(내선)
9:44,9:48,11:46,11:42
성수성수(외선),성수성수(내선),성수성수(외선),성수성수(내선)
9:47,9:51,11:51,11:49
성수성수(외선),성수성수(내선),성수성수(외선),성수성수(내선)
9:51,9:54,11:56,11:55
성수성수(외선),성수성수(내선),성수성수(외선),성수성수(내선)
9:55,09:58첫,12:01,12:00
성수성수(외선),성수신도림,성수성수(외선),성수성수(내선)
9:59,-,12:06,12:05
성수성수,-,성수성수(외선),성수성수(내선)
10:02,10:01,12:11,12:11
성수성수(외선),성수성수(내선),성수성수(외선),성수성수(내선)
10:07,10:04,12:16,12:15
성수성수(외선),성수성수(내선),성수성수(외선),성수성수(내선)
10:10,10:07,12:21,12:20
성수성수,성수성수(내선),성수성수(외선),성수성수(내선)
10:16,10:09,12:26,12:28
성수성수(외선),성수신도림,성수성수(외선),성수성수(내선)
10:20,10:13,12:31,12:34
성수성수(외선),성수성수(내선),성수성수(외선),성수성수(내선)
10:25,10:19,12:36,12:39
성수성수(외선),성수성수(내선),성수성수(외선),성수성수(내선)
10:31,10:23,12:41,12:44
성수성수(외선),성수신도림,성수성수(외선),성수성수(내선)
10:37,10:26,12:46,12:48
성수성수(외선),성수성수(내선),성수성수(외선),성수성수(내선)
10:42,10:33,12:51,12:53
성수성수(외선),성수성수(내선),성수성수(외선),성수성수(내선)
10:49,10:37,12:56,12:57
성수성수(외선),성수신도림,성수성수(외선),성수성수(내선)
10:55,10:39,13:02,13:02
성수성수(외선),성수성수(내선),성수성수(외선),성수성수(내선)
10:58,10:44,13:09,13:06
성수성수(외선),성수성수(내선),성수성수(외선),성수성수(내선)
-,10:49,13:16,13:13
-,성수성수(내선),성수성수(외선),성수성수(내선)
-,10:54,13:21,13:20
-,성수성수(내선),성수성수(외선),성수성수(내선)
-,10:58,13:26,13:26
-,성수성수(내선),성수성수(외선),성수성수(내선)
11:02,11:03,13:31,13:31
성수성수(외선),성수신도림,성수성수(외선),성수성수(내선)
11:07,11:08,13:36,13:36
성수성수(외선),성수성수(내선),성수성수(외선),성수성수(내선)
11:12,11:12,13:41,13:41
성수성수(외선),성수성수(내선),성수성수(외선),성수성수(내선)
11:17,11:18,13:46,13:46
성수성수(외선),성수성수(내선),성수성수(외선),성수성수(내선)
11:22,11:22,13:51,13:51
성수성수(외선),성수신도림,성수성수(외선),성수성수(내선)
11:27,11:25,13:56,13:58
성수성수(외선),성수성수(내선),성수성수(외선),성수성수(내선)
11:32,11:31,14:01,14:04
성수성수(외선),성수성수(내선),성수성수(외선),성수성수(내선)
11:38,11:34,14:06,14:09
성수성수(외선),성수신도림,성수성수(외선),성수성수(내선)
11:45,11:37,14:11,14:14
성수성수(외선),성수성수(내선),성수성수(외선),성수성수(내선)
11:50,11:43,14:16,14:19
성수성수(외선),성수성수(내선),성수성수(외선),성수성수(내선)
11:55,11:49,14:21,14:23
성수성수(외선),성수성수(내선),성수성수(외선),성수성수(내선)
-,11:55,14:26,14:27
-,성수성수(내선),성수성수(외선),성수성수(내선)
12:01,12:01,14:32,14:32
성수성수(외선),성수성수(내선),성수성수(외선),성수성수(내선)
12:07,12:07,14:39,14:36
성수성수(외선),성수성수(내선),성수성수(외선),성수성수(내선)
12:12,12:13,14:46,14:43
성수성수(외선),성수성수(내선),성수성수(외선),성수성수(내선)
12:18,12:18,14:51,14:50
성수성수(외선),성수성수(내선),성수성수(외선),성수성수(내선)
12:25,12:23,14:56,14:56
성수성수(외선),성수성수(내선),성수성수(외선),성수성수(내선)
12:29,12:29,15:01,15:01
성수성수(외선),성수성수(내선),성수성수(외선),성수성수(내선)
12:33,12:38,15:06,15:05
성수성수(외선),성수성수(내선),성수성수(외선),성수성수
12:38,12:44,15:11,15:11
성수성수(외선),성수성수(내선),성수성수(외선),성수성수(내선)
12:43,12:49,15:17,15:16
성수성수(외선),성수성수(내선),신도림성수(외선),성수성수(내선)
12:48,12:55,15:21,15:21
성수성수(외선),성수성수(내선),성수성수(외선),성수성수(내선)
12:53,-,15:26,15:25
성수성수(외선),-,성수성수(외선),성수성수(내선)
12:58,-,15:31,15:30
성수성수(외선),-,성수성수(외선),성수성수(내선)
13:03,13:01,15:36,15:35
성수성수(외선),성수성수(내선),성수성수(외선),성수성수(내선)
13:08,13:07,15:41,15:40
성수성수(외선),성수성수(내선),성수성수(외선),성수성수(내선)
13:14,13:13,15:46,15:45
성수성수(외선),성수성수(내선),성수성수(외선),성수성수(내선)
13:20,13:19,15:51,15:50
성수성수(외선),성수성수(내선),성수성수(외선),성수성수(내선)
13:25,13:25,15:56,15:54
성수성수(외선),성수성수(내선),성수성수(외선),성수성수(내선)
13:31,13:31,-,15:57첫
성수성수(외선),성수성수(내선),-,성수신도림
13:37,13:37,16:02,16:01
성수성수(외선),성수성수(내선),성수성수(외선),성수성수(내선)
13:43,13:43,16:10,16:06
성수성수(외선),성수성수(내선),성수성수(외선),성수성수(내선)
13:48,13:48,16:17,16:13
성수성수(외선),성수성수(내선),신도림성수(외선),성수성수(내선)
13:54,13:53,16:21,16:20
성수성수(외선),성수성수(내선),성수성수(외선),성수성수(내선)
13:59,-,16:26,16:26
성수성수(외선),-,성수성수(외선),성수성수(내선)
14:03,14:00,16:32,16:31
성수성수(외선),성수성수(내선),성수성수(외선),성수성수(내선)
14:08,14:08,16:37,16:36
성수성수(외선),성수성수(내선),성수성수(외선),성수성수(내선)
14:13,14:14,16:45,16:41
성수성수(외선),성수성수(내선),성수성수(외선),성수성수(내선)
14:18,14:19,16:50,16:46
성수성수(외선),성수성수(내선),성수성수(외선),성수성수(내선)
14:23,14:25,16:56,16:51
성수성수(외선),성수성수(내선),성수성수(외선),성수성수(내선)
14:28,14:31,-,16:56
성수성수(외선),성수성수(내선),-,성수성수(내선)
14:33,14:37,17:01,17:01
성수성수(외선),성수성수(내선),성수성수(외선),성수성수(내선)
14:38,14:43,17:06,17:06
성수성수(외선),성수성수(내선),성수성수(외선),성수성수(내선)
14:44,14:49,17:12,17:11
성수성수(외선),성수성수(내선),성수성수(외선),성수성수(내선)
14:50,14:55,17:18,17:16
성수성수(외선),성수성수(내선),성수성수(외선),성수신도림
14:55,-,17:21,17:19
성수성수(외선),-,성수성수,성수성수(내선)
15:01,15:01,17:25,17:25
성수성수(외선),성수성수(내선),성수성수(외선),성수성수(내선)
15:07,15:07,17:31,17:30
성수성수(외선),성수성수(내선),성수성수(외선),성수성수(내선)
15:13,15:13,17:36,17:34
성수성수(외선),성수성수(내선),성수성수(외선),성수신도림
15:18,15:18,17:41,17:36
성수성수(외선),성수성수(내선),성수성수(외선),성수성수(내선)
15:24,15:23,17:46,17:42
성수성수(외선),성수성수(내선),성수성수(외선),성수성수(내선)
15:28,15:29,17:51,17:46
성수성수(외선),성수성수(내선),성수성수(외선),성수성수(내선)
15:33,15:38,17:57,17:50
성수성수(외선),성수성수(내선),성수성수(외선),성수성수
15:38,15:44,-,17:56
성수성수(외선),성수성수(내선),-,성수성수(내선)
15:43,15:49,18:02,18:01
성수성수(외선),성수성수(내선),성수성수(외선),성수성수(내선)
15:48,15:55,18:07,18:06
성수성수(외선),성수성수(내선),성수성수(외선),성수성수(내선)
15:53,-,18:15,18:11
성수성수(외선),-,성수성수(외선),성수신도림
15:58,-,18:21,18:15
성수성수(외선),-,성수성수(외선),성수성수(내선)
16:03,16:01,18:26,18:20
성수성수(외선),성수성수(내선),성수성수(외선),성수성수(내선)
16:09,16:07,18:31,18:25
성수성수(외선),성수성수(내선),성수성수(외선),성수성수(내선)
16:14,16:13,18:37,18:31
성수성수(외선),성수성수(내선),성수성수(외선),성수성수(내선)
16:20,16:19,18:42,18:36
성수성수(외선),성수성수(내선),성수성수(외선),성수성수(내선)
16:25,16:25,18:48,18:42
성수성수(외선),성수성수(내선),성수성수(외선),성수성수(내선)
16:31,16:31,18:54,18:47
성수성수(외선),성수성수(내선),성수성수(외선),성수성수(내선)
16:37,16:37,-,18:52
성수성수(외선),성수성수(내선),-,성수성수(내선)
16:40,16:43,-,18:58
신도림성수(외선),성수성수(내선),-,성수성수(내선)
16:43,16:48,19:00,19:03
성수성수(외선),성수성수(내선),성수성수(외선),성수성수(내선)
16:49,16:54,19:06,19:09
성수성수(외선),성수성수(내선),성수성수(외선),성수성수(내선)
16:53,16:59,19:12,19:14
성수성수(외선),성수성수(내선),성수성수(외선),성수성수(내선)
16:57,-,19:17,19:20
성수성수(외선),-,성수성수(외선),성수성수(내선)
17:01,17:04,19:23,19:26
성수성수(외선),성수성수(내선),신도림성수(외선),성수성수(내선)
17:04,17:08,19:26,19:32
성수성수(외선),성수성수(내선),성수성수,성수성수(내선)
17:08,17:14,19:31,19:37
성수성수(외선),성수성수(내선),성수성수(외선),성수성수(내선)
17:13,17:19,19:37,19:43
성수성수(외선),성수성수(내선),성수성수(외선),성수성수(내선)
17:17,17:25,19:43,19:48
성수성수(외선),성수성수(내선),성수성수(외선),성수성수(내선)
17:21,17:28,19:49,19:54
성수성수(외선),성수성수(내선),성수성수(외선),성수성수(내선)
17:24,17:31,19:55,19:59
성수성수(외선),성수성수(내선),성수성수(외선),성수성수(내선)
17:28,17:37,20:01,20:05
성수성수(외선),성수성수(내선),성수성수(외선),성수성수(내선)
17:32,17:43,20:06,20:10
성수성수(외선),성수성수(내선),성수성수(외선),성수성수(내선)
17:36,17:49,20:12,20:16
신도림성수(외선),성수성수(내선),성수성수(외선),성수성수(내선)
17:39,17:54,20:18,20:21
성수성수(외선),성수성수(내선),성수성수(외선),성수성수(내선)
17:43,17:57,20:24,20:27
성수성수(외선),성수성수(내선),성수성수(외선),성수성수(내선)
17:47,-,20:30,20:33
성수성수(외선),-,성수성수(외선),성수성수(내선)
17:51,-,20:36,20:38
성수성수(외선),-,성수성수(외선),성수성수(내선)
17:55,-,20:42,20:44
성수성수(외선),-,성수성수(외선),성수성수(내선)
17:58,-,20:48,20:50
성수성수(외선),-,성수성수(외선),성수성수(내선)
18:01,18:02,20:54,20:55
성수성수(외선),성수성수(내선),성수성수(외선),성수신도림
18:07,18:07,-,20:59
성수성수(외선),성수성수(내선),-,성수성수(내선)
18:10,18:10,21:00,21:05
성수성수(외선),성수성수(내선),성수성수(외선),성수성수(내선)
18:13,18:13,21:06,21:12
성수성수(외선),성수성수(내선),성수성수(외선),성수성수(내선)
18:16,18:18,21:12,21:18
성수성수(외선),성수성수(내선),성수성수(외선),성수성수(내선)
18:19,18:20,21:18,21:24
성수성수(외선),성수성수(내선),성수성수(외선),성수성수(내선)
18:23,18:24,21:24,21:29
성수성수(외선),성수성수(내선),성수성수(외선),성수신도림
18:27,18:27,21:31,21:34
성수성수(외선),성수성수(내선),성수성수(외선),성수성수(내선)
18:31,18:30,21:37,21:39
성수성수(외선),성수성수(내선),성수성수(외선),성수성수(내선)
18:34,18:34,21:43,21:45
성수성수(외선),성수성수(내선),성수성수(외선),성수성수(내선)
18:38,18:38,21:49,21:52
성수성수(외선),성수성수(내선),성수성수(외선),성수성수(내선)
18:43,18:41,21:54,21:57
성수성수(외선),성수성수(내선),성수성수,성수신도림
18:47,18:44,21:59,-
성수성수(외선),성수성수(내선),성수성수(외선),-
18:51,18:48,22:05,22:01
성수성수(외선),성수성수(내선),성수성수(외선),성수성수(내선)
18:54,18:52,22:12,22:09
성수성수(외선),성수성수(내선),성수성수(외선),성수성수(내선)
18:58,18:55,22:17,22:15
성수성수(외선),성수성수(내선),성수성수,성수성수(내선)
-,18:57,22:25,22:23
-,성수성수(내선),성수성수(외선),성수성수(내선)
-,18:59,22:32,22:28
-,성수성수(내선),성수성수(외선),성수신도림
19:02,19:01,22:42,22:34
성수성수(외선),성수성수(내선),성수성수(외선),성수성수(내선)
19:06,19:04,22:49,22:41
성수성수(외선),성수성수(내선),성수성수(외선),성수신도림
19:09,19:08,-,22:46
성수성수,성수성수(내선),-,성수성수
19:13,19:13,-,22:55막
성수성수(외선),성수성수,-,성수성수(내선)
19:17,19:16,23:00막,23:03
성수성수(외선),성수성수(내선),성수성수(외선),성수신도림
19:21,19:19,23:06,23:07
성수성수(외선),성수성수(내선),성수성수,성수성수
19:25,19:22,23:12,23:15막
성수성수,성수성수(내선),성수성수,성수성수
19:28,19:25,23:19막,23:23
성수성수(외선),성수성수(내선),성수성수,성수신도림
19:37,19:28,23:35막,23:30막
성수성수,성수성수,성수삼성,성수을지로입구
19:40,19:32,23:54막,23:38
성수성수(외선),성수성수(내선),성수서울대입구,성수신도림
19:46,19:37,-,23:43막
성수성수(외선),성수성수(내선),-,성수홍대입구
19:50,19:40,-,23:54막
성수성수(외선),성수성수(내선),-,성수신도림
19:57,19:43,-,-
성수성수(외선),성수신도림,-,-
-,19:45,-,-
-,성수성수(내선),-,-
-,19:48,-,-
-,성수성수,-,-
-,19:50,-,-
-,성수성수(내선),-,-
-,19:54,-,-
-,성수성수(내선),-,-
-,19:57,-,-
-,성수성수(내선),-,-
20:01,20:01,-,-
성수성수(외선),성수성수,-,-
20:08,20:04,-,-
성수성수(외선),성수성수(내선),-,-
20:13,20:08,-,-
성수성수(외선),성수성수(내선),-,-
20:17,20:11,-,-
성수성수(외선),성수성수(내선),-,-
20:21,20:14,-,-
성수성수(외선),성수성수,-,-
20:25,20:18,-,-
성수성수(외선),성수성수(내선),-,-
20:32,20:22,-,-
성수성수(외선),성수성수(내선),-,-
20:37,20:25,-,-
성수성수(외선),성수성수,-,-
20:42,20:28,-,-
성수성수(외선),성수성수(내선),-,-
20:47,20:31,-,-
성수성수(외선),성수신도림,-,-
20:52,20:35,-,-
성수성수(외선),성수성수(내선),-,-
20:59,20:40,-,-
성수성수(외선),성수성수,-,-
-,20:45,-,-
-,성수성수(내선),-,-
-,20:49,-,-
-,성수신도림,-,-
-,20:52,-,-
-,성수성수(내선),-,-
-,20:56,-,-
-,성수성수(내선),-,-
21:10,21:02,-,-
성수성수(외선),성수성수(내선),-,-
21:17,21:07,-,-
성수성수(외선),성수성수(내선),-,-
21:22,21:12,-,-
성수성수(외선),성수성수(내선),-,-
21:31,21:16,-,-
성수성수(외선),성수신도림,-,-
21:38,21:19,-,-
성수성수(외선),성수성수(내선),-,-
21:43,21:24,-,-
성수성수(외선),성수성수(내선),-,-
21:52,21:29,-,-
성수성수(외선),성수성수(내선),-,-
-,21:34,-,-
-,성수성수(내선),-,-
-,21:38,-,-
-,성수성수,-,-
-,21:42,-,-
-,성수성수(내선),-,-
-,21:47,-,-
-,성수성수(내선),-,-
-,21:53,-,-
-,성수성수(내선),-,-
-,21:59,-,-
-,성수성수(내선),-,-
22:01,22:06,-,-
성수성수(외선),성수성수(내선),-,-
22:07,22:15,-,-
성수성수(외선),성수성수(내선),-,-
22:12,22:22,-,-
성수성수(외선),성수성수(내선),-,-
22:18,22:27,-,-
성수성수(외선),성수성수(내선),-,-
22:23,22:33,-,-
성수성수(외선),성수성수(내선),-,-
22:30,22:38,-,-
성수성수(외선),성수성수(내선),-,-
22:40,22:43,-,-
성수성수(외선),성수성수(내선),-,-
22:47,22:49,-,-
성수성수(외선),성수성수(내선),-,-
22:54,22:54,-,-
성수성수(외선),성수신도림,-,-
-,22:59,-,-
-,성수성수(내선),-,-
23:02,23:05,-,-
성수성수(외선),성수신도림,-,-
23:13,23:12,-,-
성수성수(외선),성수성수(내선),-,-
23:23,23:18,-,-
성수성수(외선),성수신도림,-,-
23:31,23:23,-,-
성수성수,성수성수(내선),-,-
23:38,23:30,-,-
성수성수(외선),성수성수,-,-
23:49,23:37,-,-
성수성수(외선),성수성수(내선),-,-
-,23:46,-,-
-,성수성수,-,-
-,23:52,-,-
-,성수신도림,-,-
-,23:57막,-,-
-,성수성수(내선),-,-
00:02막,0:03,-,-
성수성수(외선),성수신도림,-,-
00:17막,0:07,-,-
성수성수,성수성수,-,-
00:34막,00:14막,-,-
성수삼성,성수성수,-,-
00:54막,0:21,-,-
성수서울대입구,성수신도림,-,-
-,00:30막,-,-
-,성수을지로입구,-,-
-,00:42막,-,-
-,성수홍대입구,-,-
-,00:54막,-,-
-,성수신도림,-,-
