﻿낙성대방면,봉천방면,낙성대방면,봉천방면
평일,평일,주말,주말
05:30첫,05:30첫,05:30첫,05:30첫
서울대입구성수(외선),서울대입구성수(내선),서울대입구성수(외선),서울대입구성수(내선)
5:43,5:50,5:42,5:48
신도림성수(외선),삼성성수(내선),신도림성수(외선),삼성성수(내선)
5:49,-,5:48,-
신도림성수(외선),-,신도림성수(외선),-
5:55,-,5:54,-
홍대입구성수(외선),-,홍대입구성수(외선),-
6:01,6:07,6:00,6:05
신도림성수(외선),성수성수(내선),신도림성수(외선),성수성수(내선)
6:06,6:17,6:06,6:15
을지로입구성수(외선),성수성수(내선),을지로입구성수(외선),성수성수(내선)
6:13,6:24,6:11,6:23
신도림성수(외선),성수성수(내선),신도림성수(외선),성수성수(내선)
6:21,6:31,6:17,6:33
성수성수(외선),성수성수(내선),신도림성수(외선),성수성수(내선)
6:26,6:35,6:23,6:38
신도림성수(외선),성수성수(내선),성수성수(외선),성수성수(내선)
6:31,6:41,6:28,6:44
성수성수(외선),성수성수(내선),신도림성수(외선),성수성수(내선)
6:36,6:47,6:34,6:50
신도림성수(외선),성수성수(내선),성수성수(외선),성수성수(내선)
6:41,6:54,6:41,6:56
성수성수(외선),성수성수(내선),성수성수(외선),성수성수(내선)
6:46,-,6:47,-
신도림성수(외선),-,성수성수(외선),-
6:51,-,6:53,-
성수성수(외선),-,성수성수(외선),-
6:56,-,6:59,-
신도림성수(외선),-,성수성수(외선),-
7:01,7:00,7:05,7:02
성수성수(외선),성수성수(내선),성수성수(외선),성수성수(내선)
7:06,7:04,7:11,7:08
신도림성수(외선),성수성수(내선),성수성수(외선),성수성수(내선)
7:10,7:07,7:17,7:14
성수성수(외선),성수성수(내선),성수성수(외선),성수성수(내선)
7:16,7:13,7:23,7:18
성수성수(외선),성수성수(내선),성수성수(외선),성수성수(내선)
7:20,7:17,7:29,7:23
성수성수(외선),성수성수(내선),성수성수(외선),성수성수(내선)
7:23,7:21,7:35,7:28
신도림성수(외선),성수성수(내선),성수성수(외선),성수성수(내선)
7:26,7:27,7:41,7:34
성수성수(외선),성수성수(내선),성수성수(외선),성수성수(내선)
7:29,7:31,7:47,7:39
성수성수(외선),성수성수(내선),성수성수(외선),성수성수(내선)
7:31,7:34,7:52,7:44
성수성수(외선),성수성수(내선),성수성수(외선),성수성수(내선)
7:34,7:38,7:58,7:50
신도림성수(외선),성수성수(내선),성수성수(외선),성수성수(내선)
7:37,7:41,-,7:55
성수성수(외선),성수성수(내선),-,성수성수(내선)
7:40,7:45,8:02,8:01
성수성수(외선),성수성수(내선),신도림성수(외선),성수성수(내선)
7:44,7:49,8:06,8:06
성수성수(외선),성수성수(내선),성수성수(외선),성수성수(내선)
7:47,7:53,8:12,8:12
신도림성수(외선),성수성수(내선),성수성수(외선),성수성수(내선)
7:50,7:56,8:18,8:18
성수성수(외선),성수성수(내선),성수성수(외선),성수성수(내선)
7:53,-,8:24,8:23
신도림성수(외선),-,성수성수(외선),성수성수(내선)
7:56,-,8:28,8:28
성수성수(외선),-,성수성수,성수성수(내선)
7:59,-,8:35,8:34
신도림성수(외선),-,성수성수(외선),성수성수(내선)
8:01,8:00,8:41,8:39
신도림성수(외선),성수성수(내선),성수성수(외선),성수성수(내선)
8:04,8:03,8:47,8:45
성수성수(외선),성수성수(내선),성수성수(외선),성수성수(내선)
8:06,8:07,8:51,8:50
신도림성수(외선),성수성수(내선),신도림성수(외선),성수성수(내선)
8:09,8:10,8:54,8:56
성수성수(외선),성수성수(내선),성수성수,성수성수(내선)
8:11,8:13,8:59,-
신도림성수(외선),성수성수(내선),성수성수(외선),-
8:14,8:17,9:04,9:01
성수성수(외선),성수성수(내선),성수성수(외선),성수성수(내선)
8:16,8:20,9:10,9:07
신도림성수(외선),성수성수(내선),성수성수(외선),성수성수(내선)
8:19,8:23,9:16,9:12
성수성수(외선),성수성수(내선),성수성수(외선),성수성수(내선)
8:21,8:26,9:19,9:18
신도림성수(외선),성수성수(내선),신도림성수(외선),성수성수(내선)
8:24,8:29,9:22,9:23
성수성수,성수성수(내선),성수성수,성수성수(내선)
8:26,8:33,9:27,9:28
신도림성수(외선),성수성수(내선),성수성수(외선),성수성수
8:29,8:37,9:32,9:34
성수성수(외선),성수성수(내선),성수성수(외선),성수성수(내선)
8:31,8:40,9:37,9:40
신도림성수(외선),성수성수,성수성수(외선),성수성수(내선)
8:34,8:43,9:43,9:46
성수성수(외선),성수성수(내선),성수성수(외선),성수성수(내선)
8:36,8:46,9:48,9:51
성수성수(외선),성수성수(내선),성수성수(외선),성수성수(내선)
8:39,8:50,9:54,9:55
성수성수(외선),성수성수(내선),성수성수(외선),성수성수(내선)
8:43,8:54,9:59,9:59
성수성수(외선),성수성수,성수성수(외선),성수성수(내선)
8:45,8:57,10:05,10:04
성수성수(외선),성수성수(내선),성수성수(외선),성수성수(내선)
8:49,-,10:11,10:09
성수성수(외선),-,신도림성수(외선),성수성수
8:53,-,10:16,10:14
성수성수(외선),-,성수성수(외선),성수성수(내선)
8:56,-,10:21,10:18
성수성수(외선),-,성수성수(외선),성수성수(내선)
8:59,-,10:27,10:25
성수성수,-,성수성수(외선),성수성수(내선)
9:01,9:00,10:33,10:30
성수성수(외선),성수성수(내선),성수성수(외선),성수성수(내선)
9:04,9:04,10:37,10:36
성수성수(외선),성수성수(내선),신도림성수(외선),성수성수(내선)
9:07,9:07,10:41,10:42
성수성수(외선),성수성수(내선),성수성수(외선),성수성수(내선)
9:10,9:11,10:47,10:47
성수성수,성수성수,성수성수(외선),성수성수
9:13,9:14,10:52,10:52
성수성수(외선),성수성수(내선),성수성수(외선),성수성수(내선)
9:18,9:18,10:57,10:58
성수성수(외선),성수성수(내선),성수성수(외선),성수성수(내선)
9:22,9:22,11:02,11:03
성수성수,성수성수(내선),성수성수(외선),성수성수(내선)
9:25,9:26,11:07,11:08
성수성수(외선),성수성수(내선),성수성수(외선),성수성수(내선)
9:31,9:29,11:12,11:12
성수성수(외선),성수성수,성수성수(외선),성수성수(내선)
9:34,9:32,11:17,11:14
성수성수(외선),성수성수(내선),성수성수(외선),성수성수(내선)
9:36,9:35,11:23,11:20
성수성수,성수성수(내선),성수성수(외선),성수성수(내선)
9:38,9:39,11:28,11:25
성수성수(외선),성수성수,성수성수(외선),성수성수(내선)
9:40,9:42,11:33,11:30
성수성수(외선),성수성수(내선),성수성수(외선),성수성수(내선)
9:43,9:45,11:39,11:36
성수성수(외선),성수성수(내선),성수성수(외선),성수성수(내선)
9:45,9:48,11:46,11:43
성수성수,성수성수(내선),성수성수(외선),성수성수(내선)
9:48,09:52첫,11:52,11:49
성수성수(외선),성수신도림,성수성수(외선),성수성수(내선)
9:50,9:55,11:57,11:54
성수성수(외선),성수성수(내선),성수성수(외선),성수성수(내선)
9:53,9:58,-,11:59
성수성수(외선),성수성수(내선),-,성수성수(내선)
9:57,-,12:02,12:05
성수성수(외선),-,성수성수(외선),성수성수(내선)
10:01,10:01,12:07,12:09
성수성수(외선),성수성수(내선),성수성수(외선),성수성수(내선)
10:05,10:03,12:12,12:14
성수성수,성수신도림,성수성수(외선),성수성수(내선)
10:08,10:07,12:17,12:22
성수성수(외선),성수성수(내선),성수성수(외선),성수성수(내선)
10:13,10:13,12:22,12:28
성수성수(외선),성수성수(내선),성수성수(외선),성수성수(내선)
10:16,10:17,12:27,12:33
성수성수,성수신도림,성수성수(외선),성수성수(내선)
10:22,10:20,12:32,12:38
성수성수(외선),성수성수(내선),성수성수(외선),성수성수(내선)
10:26,10:27,12:37,12:42
성수성수(외선),성수성수(내선),성수성수(외선),성수성수(내선)
10:31,10:31,12:42,12:47
성수성수(외선),성수신도림,성수성수(외선),성수성수(내선)
10:37,10:33,12:47,12:51
성수성수(외선),성수성수(내선),성수성수(외선),성수성수(내선)
10:43,10:38,12:52,12:56
성수성수(외선),성수성수(내선),성수성수(외선),성수성수(내선)
10:48,10:43,12:57,-
성수성수(외선),성수성수(내선),성수성수(외선),-
10:55,10:48,13:02,13:00
성수성수(외선),성수성수(내선),성수성수(외선),성수성수(내선)
-,10:52,13:08,13:07
-,성수성수(내선),성수성수(외선),성수성수(내선)
-,10:57,13:15,13:14
-,성수신도림,성수성수(외선),성수성수(내선)
11:01,11:02,13:22,13:20
성수성수(외선),성수성수(내선),성수성수(외선),성수성수(내선)
11:04,11:06,13:27,13:25
성수성수(외선),성수성수(내선),성수성수(외선),성수성수(내선)
11:08,11:12,13:32,13:30
성수성수(외선),성수성수(내선),성수성수(외선),성수성수(내선)
11:13,11:16,13:37,13:35
성수성수(외선),성수신도림,성수성수(외선),성수성수(내선)
11:18,11:19,13:42,13:40
성수성수(외선),성수성수(내선),성수성수(외선),성수성수(내선)
11:23,11:25,13:47,13:45
성수성수(외선),성수성수(내선),성수성수(외선),성수성수(내선)
11:28,11:28,13:52,13:52
성수성수(외선),성수신도림,성수성수(외선),성수성수(내선)
11:33,11:31,13:57,13:58
성수성수(외선),성수성수(내선),성수성수(외선),성수성수(내선)
11:38,11:37,14:02,14:03
성수성수(외선),성수성수(내선),성수성수(외선),성수성수(내선)
11:44,11:43,14:07,14:08
성수성수(외선),성수성수(내선),성수성수(외선),성수성수(내선)
11:51,11:49,14:12,14:13
성수성수(외선),성수성수(내선),성수성수(외선),성수성수(내선)
11:56,11:55,14:17,14:17
성수성수(외선),성수성수(내선),성수성수(외선),성수성수(내선)
12:01,12:01,14:22,14:21
성수성수(외선),성수성수(내선),성수성수(외선),성수성수(내선)
12:07,12:07,14:27,14:26
성수성수(외선),성수성수(내선),성수성수(외선),성수성수(내선)
12:13,12:12,14:32,14:30
성수성수(외선),성수성수(내선),성수성수(외선),성수성수(내선)
12:18,12:17,14:38,14:37
성수성수(외선),성수성수(내선),성수성수(외선),성수성수(내선)
12:24,12:23,14:45,14:44
성수성수(외선),성수성수(내선),성수성수(외선),성수성수(내선)
12:31,12:32,14:52,14:50
성수성수(외선),성수성수(내선),성수성수(외선),성수성수(내선)
12:35,12:38,14:57,14:55
성수성수(외선),성수성수(내선),성수성수(외선),성수성수(내선)
12:39,12:43,-,14:59
성수성수(외선),성수성수(내선),-,성수성수
12:44,12:49,15:02,15:05
성수성수(외선),성수성수(내선),성수성수(외선),성수성수(내선)
12:49,12:55,15:07,15:10
성수성수(외선),성수성수(내선),성수성수(외선),성수성수(내선)
12:54,-,15:12,15:15
성수성수(외선),-,성수성수(외선),성수성수(내선)
12:59,-,15:17,15:19
성수성수(외선),-,성수성수(외선),성수성수(내선)
13:04,13:01,15:23,15:24
성수성수(외선),성수성수(내선),신도림성수(외선),성수성수(내선)
13:09,13:07,15:27,15:29
성수성수(외선),성수성수(내선),성수성수(외선),성수성수(내선)
13:14,13:13,15:32,15:34
성수성수(외선),성수성수(내선),성수성수(외선),성수성수(내선)
13:20,13:19,15:37,15:39
성수성수(외선),성수성수(내선),성수성수(외선),성수성수(내선)
13:26,13:25,15:42,15:44
성수성수(외선),성수성수(내선),성수성수(외선),성수성수(내선)
13:31,13:31,15:47,15:48
성수성수(외선),성수성수(내선),성수성수(외선),성수성수(내선)
13:37,13:37,15:52,15:51첫
성수성수(외선),성수성수(내선),성수성수(외선),성수신도림
13:43,13:42,15:57,15:55
성수성수(외선),성수성수(내선),성수성수(외선),성수성수(내선)
13:49,13:47,16:02,16:00
성수성수(외선),성수성수(내선),성수성수(외선),성수성수(내선)
13:54,13:54,16:08,16:07
성수성수(외선),성수성수(내선),성수성수(외선),성수성수(내선)
14:00,14:02,16:16,16:14
성수성수(외선),성수성수(내선),성수성수(외선),성수성수(내선)
14:05,14:08,16:23,16:20
성수성수(외선),성수성수(내선),신도림성수(외선),성수성수(내선)
14:09,14:13,16:27,16:25
성수성수(외선),성수성수(내선),성수성수(외선),성수성수(내선)
14:14,14:19,16:32,16:30
성수성수(외선),성수성수(내선),성수성수(외선),성수성수(내선)
14:19,14:25,16:38,16:35
성수성수(외선),성수성수(내선),성수성수(외선),성수성수(내선)
14:24,14:31,16:43,16:40
성수성수(외선),성수성수(내선),성수성수(외선),성수성수(내선)
14:29,14:37,16:51,16:45
성수성수(외선),성수성수(내선),성수성수(외선),성수성수(내선)
14:34,14:43,16:56,16:50
성수성수(외선),성수성수(내선),성수성수(외선),성수성수(내선)
14:39,14:49,-,16:55
성수성수(외선),성수성수(내선),-,성수성수(내선)
14:44,14:55,17:02,17:00
성수성수(외선),성수성수(내선),성수성수(외선),성수성수(내선)
14:50,-,17:07,17:05
성수성수(외선),-,성수성수(외선),성수성수(내선)
14:56,-,17:12,17:10
성수성수(외선),-,성수성수(외선),성수신도림
15:01,15:01,17:18,17:13
성수성수(외선),성수성수(내선),성수성수(외선),성수성수(내선)
15:07,15:07,17:24,17:19
성수성수(외선),성수성수(내선),성수성수(외선),성수성수(내선)
15:13,15:12,17:27,17:24
성수성수(외선),성수성수(내선),성수성수,성수성수(내선)
15:19,15:17,17:31,17:28
성수성수(외선),성수성수(내선),성수성수(외선),성수신도림
15:24,15:23,17:37,17:30
성수성수(외선),성수성수(내선),성수성수(외선),성수성수(내선)
15:30,15:32,17:42,17:36
성수성수(외선),성수성수(내선),성수성수(외선),성수성수(내선)
15:34,15:38,17:47,17:40
성수성수(외선),성수성수(내선),성수성수(외선),성수성수(내선)
15:39,15:43,17:52,17:44
성수성수(외선),성수성수(내선),성수성수(외선),성수성수
15:44,15:49,17:57,17:50
성수성수(외선),성수성수(내선),성수성수(외선),성수성수(내선)
15:49,15:55,-,17:55
성수성수(외선),성수성수(내선),-,성수성수(내선)
15:54,-,18:03,18:00
성수성수(외선),-,성수성수(외선),성수성수(내선)
15:59,-,18:08,18:05
성수성수(외선),-,성수성수(외선),성수신도림
16:04,16:01,18:14,18:09
성수성수(외선),성수성수(내선),성수성수(외선),성수성수(내선)
16:09,16:07,18:21,18:14
성수성수(외선),성수성수(내선),성수성수(외선),성수성수(내선)
16:15,16:13,18:27,18:19
성수성수(외선),성수성수(내선),성수성수(외선),성수성수(내선)
16:20,16:19,18:32,18:25
성수성수(외선),성수성수(내선),성수성수(외선),성수성수(내선)
16:26,16:25,18:37,18:30
성수성수(외선),성수성수(내선),성수성수(외선),성수성수(내선)
16:31,16:31,18:43,18:36
성수성수(외선),성수성수(내선),성수성수(외선),성수성수(내선)
16:37,16:37,18:48,18:41
성수성수(외선),성수성수(내선),성수성수(외선),성수성수(내선)
16:43,16:42,18:54,18:46
성수성수(외선),성수성수(내선),성수성수(외선),성수성수(내선)
16:46,16:48,-,18:52
신도림성수(외선),성수성수(내선),-,성수성수(내선)
16:49,16:53,-,18:57
성수성수(외선),성수성수(내선),-,성수성수(내선)
16:55,16:58,19:00,19:03
성수성수(외선),성수성수(내선),성수성수(외선),성수성수(내선)
16:59,-,19:06,19:08
성수성수(외선),-,성수성수(외선),성수성수(내선)
17:03,17:02,19:12,19:14
성수성수(외선),성수성수(내선),성수성수(외선),성수성수(내선)
17:07,17:08,19:18,19:20
성수성수(외선),성수성수(내선),성수성수(외선),성수성수(내선)
17:10,17:13,19:23,19:26
성수성수(외선),성수성수(내선),성수성수(외선),성수성수(내선)
17:14,17:19,19:29,19:31
성수성수(외선),성수성수(내선),신도림성수(외선),성수성수(내선)
17:19,17:22,19:32,19:37
성수성수(외선),성수성수(내선),성수성수,성수성수(내선)
17:23,17:25,19:37,19:42
성수성수(외선),성수성수(내선),성수성수(외선),성수성수(내선)
17:27,17:31,19:43,19:48
성수성수(외선),성수성수(내선),성수성수(외선),성수성수(내선)
17:30,17:37,19:49,19:53
성수성수(외선),성수성수(내선),성수성수(외선),성수성수(내선)
17:34,17:43,19:55,19:59
성수성수(외선),성수성수(내선),성수성수(외선),성수성수(내선)
17:38,17:48,20:01,20:04
성수성수(외선),성수성수(내선),성수성수(외선),성수성수(내선)
17:42,17:51,20:07,20:10
신도림성수(외선),성수성수(내선),성수성수(외선),성수성수(내선)
17:45,17:56,20:12,20:15
성수성수(외선),성수성수(내선),성수성수(외선),성수성수(내선)
17:49,-,20:18,20:21
성수성수(외선),-,성수성수(외선),성수성수(내선)
17:53,-,20:24,20:27
성수성수(외선),-,성수성수(외선),성수성수(내선)
17:57,-,20:30,20:32
성수성수(외선),-,성수성수(외선),성수성수(내선)
18:01,18:01,20:36,20:38
성수성수(외선),성수성수(내선),성수성수(외선),성수성수(내선)
18:04,18:04,20:42,20:44
성수성수(외선),성수성수(내선),성수성수(외선),성수성수(내선)
18:07,18:07,20:48,20:49
성수성수(외선),성수성수(내선),성수성수(외선),성수신도림
18:13,18:12,20:54,20:53
성수성수(외선),성수성수(내선),성수성수(외선),성수성수(내선)
18:16,18:14,-,20:59
성수성수(외선),성수성수(내선),-,성수성수(내선)
18:19,18:18,21:00,21:06
성수성수(외선),성수성수(내선),성수성수(외선),성수성수(내선)
18:22,18:21,21:06,21:12
성수성수(외선),성수성수(내선),성수성수(외선),성수성수(내선)
18:25,18:24,21:12,21:18
성수성수(외선),성수성수(내선),성수성수(외선),성수성수(내선)
18:29,18:28,21:18,21:23
성수성수(외선),성수성수(내선),성수성수(외선),성수신도림
18:33,18:32,21:24,21:28
성수성수(외선),성수성수(내선),성수성수(외선),성수성수(내선)
18:37,18:35,21:30,21:33
성수성수(외선),성수성수(내선),성수성수(외선),성수성수(내선)
18:40,18:38,21:37,21:39
성수성수(외선),성수성수(내선),성수성수(외선),성수성수(내선)
18:44,18:42,21:43,21:46
성수성수(외선),성수성수(내선),성수성수(외선),성수성수(내선)
18:49,18:46,21:49,21:51
성수성수(외선),성수성수(내선),성수성수(외선),성수신도림
18:53,18:49,21:55,21:55
성수성수(외선),성수성수(내선),성수성수(외선),성수성수(내선)
18:57,18:51,22:00,22:03
성수성수(외선),성수성수(내선),성수성수,성수성수(내선)
-,18:53,22:05,22:09
-,성수성수(내선),성수성수(외선),성수성수(내선)
-,18:55,22:11,22:17
-,성수성수(내선),성수성수(외선),성수성수(내선)
-,18:58,22:18,22:22
-,성수성수(내선),성수성수(외선),성수신도림
19:00,19:02,22:23,22:28
성수성수(외선),성수성수(내선),성수성수,성수성수(내선)
19:04,19:07,22:31,22:35
성수성수(외선),성수성수,성수성수(외선),성수신도림
19:08,19:10,22:38,22:40
성수성수(외선),성수성수(내선),성수성수(외선),성수성수
19:12,19:13,22:48,22:49막
성수성수(외선),성수성수(내선),성수성수(외선),성수성수(내선)
19:15,19:16,22:55,22:57
성수성수,성수성수(내선),성수성수(외선),성수신도림
19:19,19:19,23:06막,23:01
성수성수(외선),성수성수(내선),성수성수(외선),성수성수
19:23,19:22,23:12,23:09막
성수성수(외선),성수성수,성수성수,성수성수
19:27,19:26,23:18,23:17
성수성수(외선),성수성수(내선),성수성수,성수신도림
19:31,19:31,23:25막,23:24막
성수성수,성수성수(내선),성수성수,성수을지로입구
19:34,19:34,23:41막,23:32
성수성수(외선),성수성수(내선),성수삼성,성수신도림
19:43,19:37,-,23:37막
성수성수,성수신도림,-,성수홍대입구
19:46,19:39,-,23:47막
성수성수(외선),성수성수(내선),-,성수신도림
19:52,19:42,-,-
성수성수(외선),성수성수,-,-
19:56,19:44,-,-
성수성수(외선),성수성수(내선),-,-
-,19:48,-,-
-,성수성수(내선),-,-
-,19:51,-,-
-,성수성수(내선),-,-
-,19:55,-,-
-,성수성수,-,-
-,19:58,-,-
-,성수성수(내선),-,-
20:03,20:02,-,-
성수성수(외선),성수성수(내선),-,-
20:07,20:05,-,-
성수성수(외선),성수성수(내선),-,-
20:14,20:08,-,-
성수성수(외선),성수성수,-,-
20:19,20:12,-,-
성수성수(외선),성수성수(내선),-,-
20:23,20:16,-,-
성수성수(외선),성수성수(내선),-,-
20:27,20:19,-,-
성수성수(외선),성수성수,-,-
20:31,20:22,-,-
성수성수(외선),성수성수(내선),-,-
20:38,20:25,-,-
성수성수(외선),성수신도림,-,-
20:43,20:29,-,-
성수성수(외선),성수성수(내선),-,-
20:48,20:34,-,-
성수성수(외선),성수성수,-,-
20:53,20:39,-,-
성수성수(외선),성수성수(내선),-,-
20:58,20:43,-,-
성수성수(외선),성수신도림,-,-
-,20:46,-,-
-,성수성수(내선),-,-
-,20:50,-,-
-,성수성수(내선),-,-
-,20:56,-,-
-,성수성수(내선),-,-
21:05,21:01,-,-
성수성수(외선),성수성수(내선),-,-
21:16,21:06,-,-
성수성수(외선),성수성수(내선),-,-
21:23,21:10,-,-
성수성수(외선),성수신도림,-,-
21:29,21:13,-,-
성수성수(외선),성수성수(내선),-,-
21:37,21:18,-,-
성수성수(외선),성수성수(내선),-,-
21:44,21:23,-,-
성수성수(외선),성수성수(내선),-,-
21:49,21:28,-,-
성수성수(외선),성수성수(내선),-,-
21:58,21:32,-,-
성수성수(외선),성수성수,-,-
-,21:36,-,-
-,성수성수(내선),-,-
-,21:41,-,-
-,성수성수(내선),-,-
-,21:47,-,-
-,성수성수(내선),-,-
-,21:53,-,-
-,성수성수(내선),-,-
22:07,22:00,-,-
성수성수(외선),성수성수(내선),-,-
22:13,22:09,-,-
성수성수(외선),성수성수(내선),-,-
22:18,22:16,-,-
성수성수(외선),성수성수(내선),-,-
22:24,22:21,-,-
성수성수(외선),성수성수(내선),-,-
22:29,22:27,-,-
성수성수(외선),성수성수(내선),-,-
22:37,22:32,-,-
성수성수(외선),성수성수(내선),-,-
22:46,22:37,-,-
성수성수(외선),성수성수(내선),-,-
22:53,22:43,-,-
성수성수(외선),성수성수(내선),-,-
-,22:48,-,-
-,성수신도림,-,-
-,22:53,-,-
-,성수성수(내선),-,-
-,22:59,-,-
-,성수신도림,-,-
23:00,23:06,-,-
성수성수(외선),성수성수(내선),-,-
23:08,23:12,-,-
성수성수(외선),성수신도림,-,-
23:19,23:17,-,-
성수성수(외선),성수성수(내선),-,-
23:29,23:24,-,-
성수성수(외선),성수성수,-,-
23:37,23:31,-,-
성수성수,성수성수(내선),-,-
23:44,23:40,-,-
성수성수(외선),성수성수,-,-
23:55,23:46,-,-
성수성수(외선),성수신도림,-,-
-,23:51막,-,-
-,성수성수(내선),-,-
-,23:57,-,-
-,성수신도림,-,-
00:08막,0:01,-,-
성수성수(외선),성수성수,-,-
00:23막,00:08막,-,-
성수성수,성수성수,-,-
00:40막,0:15,-,-
성수삼성,성수신도림,-,-
-,00:24막,-,-
-,성수을지로입구,-,-
-,00:36막,-,-
-,성수홍대입구,-,-
-,00:48막,-,-
-,성수신도림,-,-
