﻿서초방면,사당방면,서초방면,사당방면
평일,평일,주말,주말
05:38첫,05:42첫,05:37첫,05:41첫
서울대입구성수(외선),삼성성수(내선),서울대입구성수(외선),삼성성수(내선)
5:51,5:59,5:50,5:58
신도림성수(외선),성수성수(내선),신도림성수(외선),성수성수(내선)
5:57,-,5:56,-
신도림성수(외선),-,신도림성수(외선),-
6:03,6:09,6:02,6:08
홍대입구성수(외선),성수성수(내선),홍대입구성수(외선),성수성수(내선)
6:09,6:16,6:08,6:16
신도림성수(외선),성수성수(내선),신도림성수(외선),성수성수(내선)
6:14,6:23,6:14,6:25
을지로입구성수(외선),성수성수(내선),을지로입구성수(외선),성수성수(내선)
6:21,6:27,6:19,6:31
신도림성수(외선),성수성수(내선),신도림성수(외선),성수성수(내선)
6:29,6:33,6:25,6:37
성수성수(외선),성수성수(내선),신도림성수(외선),성수성수(내선)
6:34,6:39,6:31,6:43
신도림성수(외선),성수성수(내선),성수성수(외선),성수성수(내선)
6:39,6:46,6:36,6:49
성수성수(외선),성수성수(내선),신도림성수(외선),성수성수(내선)
6:44,6:52,6:42,6:55
신도림성수(외선),성수성수(내선),성수성수(외선),성수성수(내선)
6:49,6:56,6:49,-
성수성수(외선),성수성수(내선),성수성수(외선),-
6:54,6:59,6:55,-
신도림성수(외선),성수성수(내선),성수성수(외선),-
6:59,-,7:01,7:01
성수성수(외선),-,성수성수(외선),성수성수(내선)
7:04,7:05,7:07,7:07
신도림성수(외선),성수성수(내선),성수성수(외선),성수성수(내선)
7:09,7:09,7:13,7:11
성수성수(외선),성수성수(내선),성수성수(외선),성수성수(내선)
7:14,7:13,7:19,7:15
신도림성수(외선),성수성수(내선),성수성수(외선),성수성수(내선)
7:18,7:19,7:25,7:21
성수성수(외선),성수성수(내선),성수성수(외선),성수성수(내선)
7:24,7:23,7:31,7:27
성수성수(외선),성수성수(내선),성수성수(외선),성수성수(내선)
7:28,7:26,7:37,7:32
성수성수(외선),성수성수(내선),성수성수(외선),성수성수(내선)
7:31,7:30,7:43,7:37
신도림성수(외선),성수성수(내선),성수성수(외선),성수성수(내선)
7:34,7:33,7:49,7:42
성수성수(외선),성수성수(내선),성수성수(외선),성수성수(내선)
7:37,7:37,7:54,7:48
성수성수(외선),성수성수(내선),성수성수(외선),성수성수(내선)
7:39,7:41,-,7:53
성수성수(외선),성수성수(내선),-,성수성수(내선)
7:42,7:45,-,7:59
신도림성수(외선),성수성수(내선),-,성수성수(내선)
7:45,7:48,8:00,8:04
성수성수(외선),성수성수(내선),성수성수(외선),성수성수(내선)
7:48,7:52,8:06,8:10
성수성수(외선),성수성수(내선),성수성수(외선),성수성수(내선)
7:52,7:55,8:10,8:15
성수성수(외선),성수성수(내선),신도림성수(외선),성수성수(내선)
7:55,7:59,8:14,8:21
신도림성수(외선),성수성수(내선),성수성수(외선),성수성수(내선)
7:58,-,8:20,8:26
성수성수(외선),-,성수성수(외선),성수성수(내선)
8:01,8:02,8:26,8:32
신도림성수(외선),성수성수(내선),성수성수(외선),성수성수(내선)
8:04,8:05,8:32,8:37
성수성수(외선),성수성수(내선),성수성수(외선),성수성수(내선)
8:07,8:09,8:35,8:43
신도림성수(외선),성수성수(내선),성수성수,성수성수(내선)
8:09,8:12,8:43,8:48
신도림성수(외선),성수성수(내선),성수성수(외선),성수성수(내선)
8:12,8:15,8:49,8:54
성수성수(외선),성수성수(내선),성수성수(외선),성수성수(내선)
8:14,8:18,8:55,8:59
신도림성수(외선),성수성수(내선),성수성수(외선),성수성수(내선)
8:17,8:21,8:59,-
성수성수(외선),성수성수(내선),신도림성수(외선),-
8:19,8:25,9:02,9:05
신도림성수(외선),성수성수(내선),성수성수,성수성수(내선)
8:22,8:29,9:07,9:10
성수성수(외선),성수성수(내선),성수성수(외선),성수성수(내선)
8:24,8:32,9:12,9:15
신도림성수(외선),성수성수,성수성수(외선),성수성수(내선)
8:27,8:35,9:18,9:20
성수성수(외선),성수성수(내선),성수성수(외선),성수성수
8:29,8:38,9:24,9:27
신도림성수(외선),성수성수(내선),성수성수(외선),성수성수(내선)
8:32,8:42,9:27,9:33
성수성수,성수성수(내선),신도림성수(외선),성수성수(내선)
8:34,8:46,9:30,9:39
신도림성수(외선),성수성수,성수성수,성수성수(내선)
8:37,8:49,9:35,9:44
성수성수(외선),성수성수(내선),성수성수(외선),성수성수(내선)
8:39,8:52,9:40,9:47
신도림성수(외선),성수성수(내선),성수성수(외선),성수성수(내선)
8:42,8:56,9:45,9:51
성수성수(외선),성수성수(내선),성수성수(외선),성수성수(내선)
8:44,8:59,9:51,9:56
성수성수(외선),성수성수(내선),성수성수(외선),성수성수(내선)
8:47,-,9:56,-
성수성수(외선),-,성수성수(외선),-
8:51,-,10:02,10:01
성수성수(외선),-,성수성수(외선),성수성수
8:53,-,10:07,10:06
성수성수(외선),-,성수성수(외선),성수성수(내선)
8:57,-,10:13,10:10
성수성수(외선),-,성수성수(외선),성수성수(내선)
9:01,9:03,10:19,10:17
성수성수(외선),성수성수,신도림성수(외선),성수성수(내선)
9:04,9:06,10:24,10:22
성수성수(외선),성수성수(내선),성수성수(외선),성수성수(내선)
9:07,9:10,10:29,10:28
성수성수,성수성수(내선),성수성수(외선),성수성수(내선)
9:09,9:14,10:35,10:34
성수성수(외선),성수성수(내선),성수성수(외선),성수성수(내선)
9:12,9:18,10:40,10:39
성수성수(외선),성수성수(내선),성수성수(외선),성수성수
9:15,9:21,10:45,10:44
성수성수(외선),성수성수,신도림성수(외선),성수성수(내선)
9:18,9:24,10:49,10:50
성수성수,성수성수(내선),성수성수(외선),성수성수(내선)
9:21,9:27,10:55,10:55
성수성수(외선),성수성수(내선),성수성수(외선),성수성수(내선)
9:26,9:31,11:00,11:01
성수성수(외선),성수성수,성수성수(외선),성수성수(내선)
9:30,9:34,11:05,11:04
성수성수,성수성수(내선),성수성수(외선),성수성수(내선)
9:33,9:37,11:10,11:06
성수성수(외선),성수성수(내선),성수성수(외선),성수성수(내선)
9:39,9:40,11:15,11:12
성수성수(외선),성수성수(내선),성수성수(외선),성수성수(내선)
9:42,09:44첫,11:20,11:17
성수성수(외선),성수신도림,성수성수(외선),성수성수(내선)
9:44,9:47,11:25,11:22
성수성수,성수성수(내선),성수성수(외선),성수성수(내선)
9:46,9:50,11:31,11:28
성수성수(외선),성수성수(내선),성수성수(외선),성수성수(내선)
9:48,9:53,11:36,11:35
성수성수(외선),성수성수(내선),성수성수(외선),성수성수(내선)
9:51,9:55,11:41,11:41
성수성수(외선),성수신도림,성수성수(외선),성수성수(내선)
9:53,9:59,11:47,11:46
성수성수,성수성수(내선),성수성수(외선),성수성수(내선)
9:56,-,11:54,11:51
성수성수(외선),-,성수성수(외선),성수성수(내선)
9:58,-,-,11:57
성수성수(외선),-,-,성수성수(내선)
10:01,10:05,12:00,12:01
성수성수(외선),성수성수(내선),성수성수(외선),성수성수(내선)
10:05,10:09,12:05,12:06
성수성수(외선),성수신도림,성수성수(외선),성수성수(내선)
10:09,10:12,12:10,12:14
성수성수(외선),성수성수(내선),성수성수(외선),성수성수(내선)
10:13,10:19,12:15,12:20
성수성수,성수성수(내선),성수성수(외선),성수성수(내선)
10:16,10:23,12:20,12:25
성수성수(외선),성수신도림,성수성수(외선),성수성수(내선)
10:21,10:25,12:25,12:30
성수성수(외선),성수성수(내선),성수성수(외선),성수성수(내선)
10:24,10:30,12:30,12:34
성수성수,성수성수(내선),성수성수(외선),성수성수(내선)
10:30,10:35,12:35,12:39
성수성수(외선),성수성수(내선),성수성수(외선),성수성수(내선)
10:34,10:40,12:40,12:43
성수성수(외선),성수성수(내선),성수성수(외선),성수성수(내선)
10:39,10:44,12:45,12:48
성수성수(외선),성수성수(내선),성수성수(외선),성수성수(내선)
10:45,10:49,12:50,12:52
성수성수(외선),성수신도림,성수성수(외선),성수성수(내선)
10:51,10:54,12:55,12:59
성수성수(외선),성수성수(내선),성수성수(외선),성수성수(내선)
10:56,10:58,13:00,13:06
성수성수(외선),성수성수(내선),성수성수(외선),성수성수(내선)
11:03,11:04,13:05,13:12
성수성수(외선),성수성수(내선),성수성수(외선),성수성수(내선)
11:09,11:08,13:10,13:17
성수성수(외선),성수신도림,성수성수(외선),성수성수(내선)
11:12,11:11,13:16,13:22
성수성수(외선),성수성수(내선),성수성수(외선),성수성수(내선)
11:16,11:17,13:23,13:27
성수성수(외선),성수성수(내선),성수성수(외선),성수성수(내선)
11:21,11:20,13:30,13:32
성수성수(외선),성수신도림,성수성수(외선),성수성수(내선)
11:26,11:23,13:35,13:37
성수성수(외선),성수성수(내선),성수성수(외선),성수성수(내선)
11:31,11:29,13:40,13:44
성수성수(외선),성수성수(내선),성수성수(외선),성수성수(내선)
11:36,11:35,13:45,13:50
성수성수(외선),성수성수(내선),성수성수(외선),성수성수(내선)
11:41,11:41,13:50,13:55
성수성수(외선),성수성수(내선),성수성수(외선),성수성수(내선)
11:46,11:48,13:55,-
성수성수(외선),성수성수(내선),성수성수(외선),-
11:52,11:54,14:00,14:00
성수성수(외선),성수성수(내선),성수성수(외선),성수성수(내선)
11:59,11:59,14:05,14:05
성수성수(외선),성수성수(내선),성수성수(외선),성수성수(내선)
12:04,12:04,14:10,14:09
성수성수(외선),성수성수(내선),성수성수(외선),성수성수(내선)
12:09,12:09,14:15,14:13
성수성수(외선),성수성수(내선),성수성수(외선),성수성수(내선)
12:15,12:15,14:20,14:18
성수성수(외선),성수성수(내선),성수성수(외선),성수성수(내선)
12:21,12:24,14:25,14:22
성수성수(외선),성수성수(내선),성수성수(외선),성수성수(내선)
12:26,12:30,14:30,14:29
성수성수(외선),성수성수(내선),성수성수(외선),성수성수(내선)
12:32,12:35,14:35,14:36
성수성수(외선),성수성수(내선),성수성수(외선),성수성수(내선)
12:39,12:41,14:40,14:42
성수성수(외선),성수성수(내선),성수성수(외선),성수성수(내선)
12:43,12:47,14:46,14:47
성수성수(외선),성수성수(내선),성수성수(외선),성수성수(내선)
12:47,12:53,14:53,14:51
성수성수(외선),성수성수(내선),성수성수(외선),성수성수
12:52,12:59,-,14:57
성수성수(외선),성수성수(내선),-,성수성수(내선)
12:57,-,15:00,15:02
성수성수(외선),-,성수성수(외선),성수성수(내선)
13:02,13:05,15:05,15:07
성수성수(외선),성수성수(내선),성수성수(외선),성수성수(내선)
13:07,13:11,15:10,15:11
성수성수(외선),성수성수(내선),성수성수(외선),성수성수(내선)
13:12,13:17,15:15,15:16
성수성수(외선),성수성수(내선),성수성수(외선),성수성수(내선)
13:17,13:23,15:20,15:21
성수성수(외선),성수성수(내선),성수성수(외선),성수성수(내선)
13:22,13:29,15:25,15:26
성수성수(외선),성수성수(내선),성수성수(외선),성수성수(내선)
13:28,13:34,15:31,15:31
성수성수(외선),성수성수(내선),신도림성수(외선),성수성수(내선)
13:34,13:39,15:35,15:36
성수성수(외선),성수성수(내선),성수성수(외선),성수성수(내선)
13:39,13:46,15:40,15:40
성수성수(외선),성수성수(내선),성수성수(외선),성수성수(내선)
13:45,13:54,15:45,15:43첫
성수성수(외선),성수성수(내선),성수성수(외선),성수신도림
13:51,-,15:50,15:48
성수성수(외선),-,성수성수(외선),성수성수(내선)
13:57,-,15:55,15:52
성수성수(외선),-,성수성수(외선),성수성수(내선)
14:02,14:00,-,15:59
성수성수(외선),성수성수(내선),-,성수성수(내선)
14:08,14:05,16:00,16:06
성수성수(외선),성수성수(내선),성수성수(외선),성수성수(내선)
14:13,14:11,16:05,16:12
성수성수(외선),성수성수(내선),성수성수(외선),성수성수(내선)
14:17,14:17,16:10,16:17
성수성수(외선),성수성수(내선),성수성수(외선),성수성수(내선)
14:22,14:23,16:16,16:22
성수성수(외선),성수성수(내선),성수성수(외선),성수성수(내선)
14:27,14:29,16:24,16:27
성수성수(외선),성수성수(내선),성수성수(외선),성수성수(내선)
14:32,14:35,16:31,16:32
성수성수(외선),성수성수(내선),신도림성수(외선),성수성수(내선)
14:37,14:41,16:35,16:37
성수성수(외선),성수성수(내선),성수성수(외선),성수성수(내선)
14:42,14:47,16:40,16:42
성수성수(외선),성수성수(내선),성수성수(외선),성수성수(내선)
14:47,14:53,16:46,16:47
성수성수(외선),성수성수(내선),성수성수(외선),성수성수(내선)
14:52,14:59,16:51,16:52
성수성수(외선),성수성수(내선),성수성수(외선),성수성수(내선)
14:58,-,16:58,16:57
성수성수(외선),-,성수성수(외선),성수성수(내선)
15:04,15:04,17:04,17:02
성수성수(외선),성수성수(내선),성수성수(외선),성수신도림
15:09,15:09,17:10,17:06
성수성수(외선),성수성수(내선),성수성수(외선),성수성수(내선)
15:15,15:15,17:15,17:11
성수성수(외선),성수성수(내선),성수성수(외선),성수성수(내선)
15:21,15:24,17:20,17:16
성수성수(외선),성수성수(내선),성수성수(외선),성수성수(내선)
15:27,15:30,17:26,17:20
성수성수(외선),성수성수(내선),성수성수(외선),성수신도림
15:32,15:35,17:32,17:23
성수성수(외선),성수성수(내선),성수성수(외선),성수성수(내선)
15:38,15:41,17:35,17:28
성수성수(외선),성수성수(내선),성수성수,성수성수(내선)
15:42,15:47,17:39,17:32
성수성수(외선),성수성수(내선),성수성수(외선),성수성수(내선)
15:47,15:53,17:45,17:36
성수성수(외선),성수성수(내선),성수성수(외선),성수성수
15:52,15:59,17:50,17:42
성수성수(외선),성수성수(내선),성수성수(외선),성수성수(내선)
15:57,-,17:55,17:47
성수성수(외선),-,성수성수(외선),성수성수(내선)
16:02,16:05,-,17:52
성수성수(외선),성수성수(내선),-,성수성수(내선)
16:07,16:11,-,17:57
성수성수(외선),성수성수(내선),-,성수신도림
16:12,16:17,18:00,18:01
성수성수(외선),성수성수(내선),성수성수(외선),성수성수(내선)
16:17,16:23,18:05,18:06
성수성수(외선),성수성수(내선),성수성수(외선),성수성수(내선)
16:23,16:29,18:11,18:12
성수성수(외선),성수성수(내선),성수성수(외선),성수성수(내선)
16:28,16:34,18:16,18:17
성수성수(외선),성수성수(내선),성수성수(외선),성수성수(내선)
16:34,16:40,18:22,18:23
성수성수(외선),성수성수(내선),성수성수(외선),성수성수(내선)
16:39,16:45,18:29,18:28
성수성수(외선),성수성수(내선),성수성수(외선),성수성수(내선)
16:45,16:50,18:35,18:33
성수성수(외선),성수성수(내선),성수성수(외선),성수성수(내선)
16:51,16:54,18:40,18:39
성수성수(외선),성수성수(내선),성수성수(외선),성수성수(내선)
16:54,-,18:45,18:44
신도림성수(외선),-,성수성수(외선),성수성수(내선)
16:57,-,18:51,18:50
성수성수(외선),-,성수성수(외선),성수성수(내선)
17:03,17:00,18:56,18:55
성수성수(외선),성수성수(내선),성수성수(외선),성수성수(내선)
17:07,17:05,19:02,19:01
성수성수(외선),성수성수(내선),성수성수(외선),성수성수(내선)
17:11,17:11,19:08,19:07
성수성수(외선),성수성수(내선),성수성수(외선),성수성수(내선)
17:15,17:14,19:14,19:12
성수성수(외선),성수성수(내선),성수성수(외선),성수성수(내선)
17:18,17:17,19:20,19:18
성수성수(외선),성수성수(내선),성수성수(외선),성수성수(내선)
17:22,17:23,19:26,19:23
성수성수(외선),성수성수(내선),성수성수(외선),성수성수(내선)
17:27,17:29,19:31,19:29
성수성수(외선),성수성수(내선),성수성수(외선),성수성수(내선)
17:31,17:35,19:37,19:34
성수성수(외선),성수성수(내선),신도림성수(외선),성수성수(내선)
17:35,17:40,19:40,19:40
성수성수(외선),성수성수(내선),성수성수,성수성수(내선)
17:38,17:43,19:45,19:46
성수성수(외선),성수성수(내선),성수성수(외선),성수성수(내선)
17:42,17:48,19:51,19:51
성수성수(외선),성수성수(내선),성수성수(외선),성수성수(내선)
17:46,17:53,19:57,19:56
성수성수(외선),성수성수(내선),성수성수(외선),성수성수(내선)
17:50,17:56,20:03,20:02
신도림성수(외선),성수성수(내선),성수성수(외선),성수성수(내선)
17:53,17:59,20:09,20:07
성수성수(외선),성수성수(내선),성수성수(외선),성수성수(내선)
17:57,-,20:15,20:13
성수성수(외선),-,성수성수(외선),성수성수(내선)
18:01,18:04,20:20,20:19
성수성수(외선),성수성수(내선),성수성수(외선),성수성수(내선)
18:05,18:06,20:26,20:24
성수성수(외선),성수성수(내선),성수성수(외선),성수성수(내선)
18:09,18:10,20:32,20:30
성수성수(외선),성수성수(내선),성수성수(외선),성수성수(내선)
18:12,18:13,20:38,20:36
성수성수(외선),성수성수(내선),성수성수(외선),성수성수(내선)
18:15,18:16,20:44,20:41
성수성수(외선),성수성수(내선),성수성수(외선),성수신도림
18:21,18:20,20:50,20:46
성수성수(외선),성수성수(내선),성수성수(외선),성수성수(내선)
18:24,18:24,20:56,20:52
성수성수(외선),성수성수(내선),성수성수(외선),성수성수(내선)
18:27,18:27,-,20:58
성수성수(외선),성수성수(내선),-,성수성수(내선)
18:30,18:30,21:02,21:04
성수성수(외선),성수성수(내선),성수성수(외선),성수성수(내선)
18:33,18:34,21:08,21:10
성수성수(외선),성수성수(내선),성수성수(외선),성수성수(내선)
18:37,18:38,21:14,21:15
성수성수(외선),성수성수(내선),성수성수(외선),성수신도림
18:41,18:41,21:20,21:20
성수성수(외선),성수성수(내선),성수성수(외선),성수성수(내선)
18:45,18:43,21:26,21:25
성수성수(외선),성수성수(내선),성수성수(외선),성수성수(내선)
18:48,18:45,21:32,21:31
성수성수(외선),성수성수(내선),성수성수(외선),성수성수(내선)
18:52,18:47,21:38,21:38
성수성수(외선),성수성수(내선),성수성수(외선),성수성수(내선)
18:57,18:50,21:45,21:43
성수성수(외선),성수성수(내선),성수성수(외선),성수신도림
-,18:54,21:51,21:48
-,성수성수(내선),성수성수(외선),성수성수(내선)
-,18:59,21:57,21:55
-,성수성수,성수성수(외선),성수성수(내선)
19:01,19:02,22:04,22:01
성수성수(외선),성수성수(내선),성수성수(외선),성수성수(내선)
19:05,19:05,22:08,22:09
성수성수(외선),성수성수(내선),성수성수,성수성수(내선)
19:08,19:08,22:12,22:14
성수성수(외선),성수성수(내선),성수성수(외선),성수신도림
19:12,19:11,22:19,22:20
성수성수(외선),성수성수(내선),성수성수(외선),성수성수(내선)
19:16,19:14,22:26,22:27
성수성수(외선),성수성수,성수성수(외선),성수신도림
19:20,19:18,22:31,22:33
성수성수(외선),성수성수(내선),성수성수,성수성수
19:23,19:23,22:39,22:41막
성수성수,성수성수(내선),성수성수(외선),성수성수(내선)
19:27,19:26,22:46,22:49
성수성수(외선),성수성수(내선),성수성수(외선),성수신도림
19:31,19:29,22:55,22:54
성수성수(외선),성수신도림,성수성수(외선),성수성수
19:35,19:31,23:03,23:01막
성수성수(외선),성수성수(내선),성수성수(외선),성수성수
19:39,19:34,23:13막,23:09
성수성수,성수성수,성수성수(외선),성수신도림
19:42,19:36,23:19,23:16막
성수성수(외선),성수성수(내선),성수성수,성수을지로입구
19:51,19:40,23:26,23:24
성수성수,성수성수(내선),성수성수,성수신도림
19:54,19:43,23:32막,23:30막
성수성수(외선),성수성수(내선),성수성수,성수홍대입구
-,19:47,23:49막,23:40막
-,성수성수,성수삼성,성수신도림
-,19:50,-,23:52막
-,성수성수(내선),-,성수서울대입구
-,19:54,-,-
-,성수성수(내선),-,-
-,19:57,-,-
-,성수성수(내선),-,-
20:00,20:00,-,-
성수성수(외선),성수성수,-,-
20:04,20:04,-,-
성수성수(외선),성수성수(내선),-,-
20:11,20:08,-,-
성수성수(외선),성수성수(내선),-,-
20:15,20:11,-,-
성수성수(외선),성수성수,-,-
20:22,20:14,-,-
성수성수(외선),성수성수(내선),-,-
20:27,20:17,-,-
성수성수(외선),성수신도림,-,-
20:31,20:21,-,-
성수성수(외선),성수성수(내선),-,-
20:35,20:26,-,-
성수성수(외선),성수성수,-,-
20:39,20:31,-,-
성수성수(외선),성수성수(내선),-,-
20:46,20:35,-,-
성수성수(외선),성수신도림,-,-
20:51,20:38,-,-
성수성수(외선),성수성수(내선),-,-
20:56,20:42,-,-
성수성수(외선),성수성수(내선),-,-
-,20:48,-,-
-,성수성수(내선),-,-
-,20:53,-,-
-,성수성수(내선),-,-
-,20:58,-,-
-,성수성수(내선),-,-
21:01,21:02,-,-
성수성수(외선),성수신도림,-,-
21:06,21:05,-,-
성수성수(외선),성수성수(내선),-,-
21:13,21:10,-,-
성수성수(외선),성수성수(내선),-,-
21:24,21:15,-,-
성수성수(외선),성수성수(내선),-,-
21:31,21:20,-,-
성수성수(외선),성수성수(내선),-,-
21:37,21:24,-,-
성수성수(외선),성수성수,-,-
21:45,21:28,-,-
성수성수(외선),성수성수(내선),-,-
21:52,21:33,-,-
성수성수(외선),성수성수(내선),-,-
21:57,21:39,-,-
성수성수(외선),성수성수(내선),-,-
-,21:45,-,-
-,성수성수(내선),-,-
-,21:52,-,-
-,성수성수(내선),-,-
22:06,22:01,-,-
성수성수(외선),성수성수(내선),-,-
22:15,22:08,-,-
성수성수(외선),성수성수(내선),-,-
22:21,22:13,-,-
성수성수(외선),성수성수(내선),-,-
22:26,22:19,-,-
성수성수(외선),성수성수(내선),-,-
22:32,22:24,-,-
성수성수(외선),성수성수(내선),-,-
22:37,22:29,-,-
성수성수(외선),성수성수(내선),-,-
22:45,22:35,-,-
성수성수(외선),성수성수(내선),-,-
22:53,22:40,-,-
성수성수(외선),성수신도림,-,-
-,22:45,-,-
-,성수성수(내선),-,-
-,22:51,-,-
-,성수신도림,-,-
-,22:58,-,-
-,성수성수(내선),-,-
23:01,23:04,-,-
성수성수(외선),성수신도림,-,-
23:08,23:09,-,-
성수성수(외선),성수성수(내선),-,-
23:16,23:16,-,-
성수성수(외선),성수성수,-,-
23:27,23:23,-,-
성수성수(외선),성수성수(내선),-,-
23:37,23:32,-,-
성수성수(외선),성수성수,-,-
23:45,23:38,-,-
성수성수,성수신도림,-,-
23:52,23:43막,-,-
성수성수(외선),성수성수(내선),-,-
-,23:49,-,-
-,성수신도림,-,-
-,23:53,-,-
-,성수성수,-,-
0:03,00:00막,-,-
성수성수(외선),성수성수,-,-
00:16막,0:07,-,-
성수성수(외선),성수신도림,-,-
00:31막,00:16막,-,-
성수성수,성수을지로입구,-,-
00:48막,00:28막,-,-
성수삼성,성수홍대입구,-,-
-,00:40막,-,-
-,성수신도림,-,-
-,00:53막,-,-
-,성수서울대입구,-,-
