﻿구의방면,잠실나루방면,구의방면,잠실나루방면
평일,평일,주말,주말
05:41첫,05:36첫,05:40첫,05:36첫
삼성성수(외선),성수성수(내선),삼성성수(외선),성수성수(내선)
-,5:46,-,5:46
-,성수성수(내선),-,성수성수(내선)
-,5:53,-,5:54
-,성수성수(내선),-,성수성수(내선)
6:01,6:00,6:00,6:03
서울대입구성수(외선),성수성수(내선),서울대입구성수(외선),성수성수(내선)
6:14,6:04,6:12,6:09
신도림성수(외선),성수성수(내선),신도림성수(외선),성수성수(내선)
6:20,6:10,6:19,6:15
신도림성수(외선),성수성수(내선),신도림성수(외선),성수성수(내선)
6:26,6:16,6:25,6:21
홍대입구성수(외선),성수성수(내선),홍대입구성수(외선),성수성수(내선)
6:32,6:23,6:30,6:27
신도림성수(외선),성수성수(내선),신도림성수(외선),성수성수(내선)
6:37,6:29,6:36,6:33
을지로입구성수(외선),성수성수(내선),을지로입구성수(외선),성수성수(내선)
6:44,6:33,6:42,6:39
신도림성수(외선),성수성수(내선),신도림성수(외선),성수성수(내선)
6:52,6:36,6:48,6:45
성수성수(외선),성수성수(내선),신도림성수(외선),성수성수(내선)
6:57,6:42,6:54,6:49
신도림성수(외선),성수성수(내선),성수성수(외선),성수성수(내선)
-,6:46,-,6:53
-,성수성수(내선),-,성수성수(내선)
-,6:49,-,6:59
-,성수성수(내선),-,성수성수(내선)
-,6:55,7:00,7:05
-,성수성수(내선),신도림성수(외선),성수성수(내선)
-,6:59,7:06,7:10
-,성수성수(내선),성수성수(외선),성수성수(내선)
7:03,7:02,7:12,7:15
성수성수(외선),성수성수(내선),성수성수(외선),성수성수(내선)
7:07,7:06,7:18,7:20
신도림성수(외선),성수성수(내선),성수성수(외선),성수성수(내선)
7:13,7:09,7:24,7:26
성수성수(외선),성수성수(내선),성수성수(외선),성수성수(내선)
7:18,7:13,7:30,7:31
신도림성수(외선),성수성수(내선),성수성수(외선),성수성수(내선)
7:23,7:17,7:36,7:37
성수성수(외선),성수성수(내선),성수성수(외선),성수성수(내선)
7:28,7:21,7:42,7:42
신도림성수(외선),성수성수(내선),성수성수(외선),성수성수(내선)
7:33,7:24,7:48,7:48
성수성수(외선),성수성수(내선),성수성수(외선),성수성수(내선)
7:38,7:28,7:54,7:53
신도림성수(외선),성수성수(내선),성수성수(외선),성수성수(내선)
7:42,7:31,-,7:59
성수성수(외선),성수성수(내선),-,성수성수(내선)
7:48,7:35,8:00,8:04
성수성수(외선),성수성수(내선),성수성수(외선),성수성수(내선)
7:52,7:38,8:05,8:10
성수성수(외선),성수성수(내선),성수성수(외선),성수성수(내선)
7:55,7:41,8:11,8:15
신도림성수(외선),성수성수(내선),성수성수(외선),성수성수(내선)
7:58,7:45,8:17,8:21
성수성수(외선),성수성수(내선),성수성수(외선),성수성수(내선)
-,7:48,8:23,8:26
-,성수성수(내선),성수성수(외선),성수성수(내선)
-,7:51,8:28,8:32
-,성수성수(내선),성수성수(외선),성수성수(내선)
-,7:54,8:33,8:37
-,성수성수(내선),신도림성수(외선),성수성수(내선)
-,7:57,8:38,8:43
-,성수성수(내선),성수성수(외선),성수성수(내선)
8:01,8:01,8:44,8:48
성수성수(외선),성수성수(내선),성수성수(외선),성수성수(내선)
8:03,8:05,8:49,8:53
성수성수(외선),성수성수(내선),성수성수(외선),성수성수(내선)
8:06,8:08,8:55,8:58
신도림성수(외선),성수성수,성수성수(외선),성수성수
8:09,8:11,8:57,-
성수성수(외선),성수성수(내선),성수성수,-
8:12,8:14,9:06,9:05
성수성수(외선),성수성수(내선),성수성수(외선),성수성수(내선)
8:16,8:18,9:12,9:11
성수성수(외선),성수성수(내선),성수성수(외선),성수성수(내선)
8:19,8:22,9:18,9:16
신도림성수(외선),성수성수,성수성수(외선),성수성수(내선)
8:22,8:25,9:24,9:21
성수성수(외선),성수성수(내선),신도림성수(외선),성수성수(내선)
8:25,8:28,9:26,9:25
신도림성수(외선),성수성수(내선),성수성수,성수성수(내선)
8:28,8:32,9:30,9:27
성수성수(외선),성수성수(내선),성수성수(외선),성수성수(내선)
8:31,8:35,9:35,9:32
신도림성수(외선),성수성수(내선),성수성수(외선),성수성수(내선)
8:33,8:39,9:41,9:39
신도림성수(외선),성수성수,성수성수(외선),성수성수
8:36,8:42,9:47,9:43
성수성수(외선),성수성수(내선),성수성수(외선),성수성수(내선)
8:38,8:46,9:52,9:49
신도림성수(외선),성수성수(내선),신도림성수(외선),성수성수(내선)
8:41,8:50,9:54,9:54
성수성수(외선),성수성수(내선),성수성수,성수성수(내선)
8:43,8:54,9:57,-
신도림성수(외선),성수성수(내선),성수성수(외선),-
8:46,8:57,10:03,10:00
성수성수(외선),성수성수,성수성수(외선),성수성수(내선)
8:48,-,10:08,10:05
신도림성수(외선),-,성수성수(외선),성수성수(내선)
8:51,-,10:14,10:11
성수성수(외선),-,성수성수(외선),성수성수(내선)
8:53,-,10:19,10:16
신도림성수(외선),-,성수성수(외선),성수성수
8:56,-,10:25,10:21
성수성수,-,성수성수(외선),성수성수(내선)
8:58,-,10:30,10:27
신도림성수(외선),-,성수성수(외선),성수성수(내선)
9:01,9:01,10:35,10:33
성수성수(외선),성수성수(내선),성수성수(외선),성수성수(내선)
9:03,9:04,10:41,10:38
신도림성수(외선),성수성수(내선),신도림성수(외선),성수성수(내선)
9:06,9:08,10:46,10:41
성수성수(외선),성수성수,성수성수(외선),성수성수(내선)
9:08,9:11,10:52,10:43
성수성수(외선),성수성수(내선),성수성수(외선),성수성수(내선)
9:11,9:14,10:57,10:48
성수성수(외선),성수성수(내선),성수성수(외선),성수성수(내선)
9:14,9:17,-,10:54
성수성수(외선),성수성수(내선),-,성수성수(내선)
9:17,09:21첫,-,10:59
성수성수(외선),성수신도림,-,성수성수(내선)
9:20,9:24,11:03,11:05
성수성수(외선),성수성수(내선),성수성수(외선),성수성수(내선)
9:23,9:27,11:08,11:12
성수성수(외선),성수성수(내선),신도림성수(외선),성수성수(내선)
9:27,9:30,11:13,11:17
성수성수(외선),성수성수(내선),성수성수(외선),성수성수(내선)
9:30,9:32,11:18,11:23
성수성수,성수신도림,성수성수(외선),성수성수(내선)
9:32,9:36,11:23,11:28
성수성수(외선),성수성수(내선),성수성수(외선),성수성수(내선)
9:35,9:42,11:28,11:34
성수성수(외선),성수성수(내선),성수성수(외선),성수성수(내선)
9:38,9:46,11:33,11:38
성수성수(외선),성수신도림,성수성수(외선),성수성수(내선)
9:41,9:50,11:38,11:43
성수성수,성수성수(내선),성수성수(외선),성수성수(내선)
9:44,9:56,11:43,11:51
성수성수(외선),성수성수(내선),성수성수(외선),성수성수(내선)
9:49,-,11:48,11:57
성수성수(외선),-,성수성수(외선),성수성수(내선)
9:53,-,11:53,-
성수성수,-,성수성수(외선),-
9:56,-,11:58,-
성수성수(외선),-,성수성수(외선),-
10:02,10:00,12:03,12:02
성수성수(외선),성수신도림,성수성수(외선),성수성수(내선)
10:04,10:03,12:09,12:07
성수성수(외선),성수성수(내선),성수성수(외선),성수성수(내선)
10:07,10:07,12:17,12:11
성수성수,성수성수(내선),성수성수(외선),성수성수(내선)
10:09,10:13,12:23,12:16
성수성수(외선),성수성수(내선),성수성수(외선),성수성수(내선)
10:11,10:17,12:28,12:20
성수성수(외선),성수성수(내선),성수성수(외선),성수성수(내선)
10:14,10:21,12:33,12:25
성수성수(외선),성수성수(내선),성수성수(외선),성수성수(내선)
10:16,10:26,12:38,12:29
성수성수,성수신도림,성수성수(외선),성수성수(내선)
10:19,10:31,12:43,12:36
성수성수(외선),성수성수(내선),성수성수(외선),성수성수(내선)
10:21,10:35,12:48,12:43
성수성수(외선),성수성수(내선),성수성수(외선),성수성수(내선)
10:24,10:41,12:53,12:49
성수성수(외선),성수성수(내선),성수성수(외선),성수성수(내선)
10:28,10:45,12:58,12:54
성수성수(외선),성수신도림,성수성수(외선),성수성수(내선)
10:32,10:48,-,12:59
성수성수(외선),성수성수(내선),-,성수성수(내선)
10:36,10:54,13:03,13:04
성수성수,성수성수(내선),성수성수(외선),성수성수(내선)
10:39,10:57,13:08,13:09
성수성수(외선),성수신도림,성수성수(외선),성수성수(내선)
10:44,-,13:13,13:14
성수성수(외선),-,성수성수(외선),성수성수(내선)
10:48,-,13:18,13:21
성수성수,-,성수성수(외선),성수성수(내선)
10:52,-,13:23,13:27
성수성수(외선),-,성수성수(외선),성수성수(내선)
10:57,-,13:28,13:32
성수성수(외선),-,성수성수(외선),성수성수(내선)
11:02,11:00,13:33,13:37
성수성수(외선),성수성수(내선),성수성수(외선),성수성수(내선)
11:08,11:06,13:39,13:41
성수성수(외선),성수성수(내선),성수성수(외선),성수성수(내선)
11:14,11:13,13:46,13:46
성수성수(외선),성수성수(내선),성수성수(외선),성수성수(내선)
11:19,11:19,13:53,13:50
성수성수(외선),성수성수(내선),성수성수(외선),성수성수(내선)
11:26,11:26,13:58,13:55
성수성수(외선),성수성수(내선),성수성수(외선),성수성수(내선)
11:32,11:32,-,13:59
성수성수(외선),성수성수(내선),-,성수성수(내선)
11:35,11:37,14:03,14:06
성수성수(외선),성수성수(내선),성수성수(외선),성수성수(내선)
11:40,11:42,14:08,14:13
성수성수(외선),성수성수(내선),성수성수(외선),성수성수(내선)
11:45,11:47,14:13,14:19
성수성수(외선),성수성수(내선),성수성수(외선),성수성수(내선)
11:50,11:52,14:18,14:24
성수성수(외선),성수성수(내선),성수성수(외선),성수성수(내선)
11:55,-,14:23,14:29
성수성수(외선),-,성수성수(외선),성수성수
12:00,12:01,14:28,14:34
성수성수(외선),성수성수(내선),성수성수(외선),성수성수(내선)
12:04,12:07,14:33,14:39
성수성수(외선),성수성수(내선),성수성수(외선),성수성수(내선)
12:10,12:12,14:38,14:44
성수성수(외선),성수성수(내선),성수성수(외선),성수성수(내선)
12:15,12:18,14:43,14:48
성수성수(외선),성수성수(내선),성수성수(외선),성수성수(내선)
12:21,12:24,14:48,14:53
성수성수(외선),성수성수(내선),성수성수(외선),성수성수(내선)
12:27,12:30,14:53,14:58
성수성수(외선),성수성수(내선),성수성수(외선),성수성수(내선)
12:32,12:36,14:58,-
성수성수(외선),성수성수(내선),성수성수(외선),-
12:38,12:42,15:03,15:03
성수성수(외선),성수성수(내선),성수성수(외선),성수성수(내선)
12:44,12:48,15:09,15:08
성수성수(외선),성수성수(내선),성수성수(외선),성수성수(내선)
12:49,12:55,15:16,15:12
성수성수(외선),성수성수(내선),성수성수(외선),성수성수(내선)
12:55,-,15:23,15:17
성수성수(외선),-,성수성수(외선),성수성수(내선)
13:02,13:00,15:28,15:20첫
성수성수(외선),성수성수(내선),성수성수(외선),성수신도림
13:06,13:06,15:33,15:25
성수성수(외선),성수성수(내선),성수성수(외선),성수성수(내선)
13:10,13:11,15:38,15:29
성수성수(외선),성수성수(내선),성수성수(외선),성수성수(내선)
13:15,13:16,15:43,15:36
성수성수(외선),성수성수(내선),성수성수(외선),성수성수(내선)
13:20,13:23,15:48,15:43
성수성수(외선),성수성수(내선),성수성수(외선),성수성수(내선)
13:25,13:31,15:53,15:49
성수성수(외선),성수성수(내선),신도림성수(외선),성수성수(내선)
13:30,13:37,15:58,15:54
성수성수(외선),성수성수(내선),성수성수(외선),성수성수(내선)
13:35,13:42,-,15:59
성수성수(외선),성수성수(내선),-,성수성수(내선)
13:40,13:48,16:03,16:04
성수성수(외선),성수성수(내선),성수성수(외선),성수성수(내선)
13:45,13:54,16:08,16:09
성수성수(외선),성수성수(내선),성수성수(외선),성수성수(내선)
13:51,-,16:13,16:14
성수성수(외선),-,성수성수(외선),성수성수(내선)
13:57,-,16:18,16:19
성수성수(외선),-,성수성수(외선),성수성수(내선)
14:02,14:00,16:23,16:24
성수성수(외선),성수성수(내선),성수성수(외선),성수성수(내선)
14:08,14:06,16:28,16:29
성수성수(외선),성수성수(내선),성수성수(외선),성수성수(내선)
14:14,14:12,16:33,16:34
성수성수(외선),성수성수(내선),성수성수(외선),성수성수(내선)
14:20,14:18,16:39,16:39
성수성수(외선),성수성수(내선),성수성수(외선),성수신도림
14:25,14:24,16:47,16:44
성수성수(외선),성수성수(내선),성수성수(외선),성수성수(내선)
14:31,14:30,16:53,16:49
성수성수(외선),성수성수(내선),신도림성수(외선),성수성수(내선)
14:36,14:36,16:58,16:54
성수성수(외선),성수성수(내선),성수성수(외선),성수성수(내선)
14:40,14:41,-,16:58
성수성수(외선),성수성수(내선),-,성수신도림
14:45,14:46,17:03,17:01
성수성수(외선),성수성수(내선),성수성수(외선),성수성수(내선)
14:50,14:52,17:09,17:05
성수성수(외선),성수성수(내선),성수성수(외선),성수성수(내선)
14:55,-,17:15,17:09
성수성수(외선),-,성수성수(외선),성수성수(내선)
15:00,15:01,17:21,17:14
성수성수(외선),성수성수(내선),성수성수(외선),성수성수
15:05,15:07,17:27,17:19
성수성수(외선),성수성수(내선),성수성수(외선),성수성수(내선)
15:10,15:12,17:33,17:24
성수성수(외선),성수성수(내선),성수성수(외선),성수성수(내선)
15:15,15:18,17:38,17:29
성수성수(외선),성수성수(내선),성수성수(외선),성수성수(내선)
15:21,15:24,17:44,17:34
성수성수(외선),성수성수(내선),성수성수(외선),성수신도림
15:27,15:30,17:49,17:39
성수성수(외선),성수성수(내선),성수성수(외선),성수성수(내선)
15:32,15:36,17:55,17:44
성수성수(외선),성수성수(내선),성수성수(외선),성수성수(내선)
15:38,15:42,17:58,17:49
성수성수(외선),성수성수(내선),성수성수,성수성수(내선)
15:44,15:48,-,17:55
성수성수(외선),성수성수(내선),-,성수성수(내선)
15:50,15:54,18:01,18:00
성수성수(외선),성수성수(내선),성수성수(외선),성수성수(내선)
15:55,-,18:07,18:06
성수성수(외선),-,성수성수(외선),성수성수(내선)
16:01,16:00,18:12,18:11
성수성수(외선),성수성수(내선),성수성수(외선),성수성수(내선)
16:04,16:06,18:18,18:17
성수성수(외선),성수성수(내선),성수성수(외선),성수성수(내선)
16:10,16:11,18:23,18:22
성수성수(외선),성수성수(내선),성수성수(외선),성수성수(내선)
16:15,16:17,18:28,18:28
성수성수(외선),성수성수(내선),성수성수(외선),성수성수(내선)
16:20,16:22,18:34,18:33
성수성수(외선),성수성수(내선),성수성수(외선),성수성수(내선)
16:24,16:27,18:39,18:39
성수성수(외선),성수성수(내선),성수성수(외선),성수성수(내선)
16:30,16:31,18:45,18:45
성수성수(외선),성수성수(내선),성수성수(외선),성수성수(내선)
16:35,16:37,18:51,18:50
성수성수(외선),성수성수(내선),성수성수(외선),성수성수(내선)
16:39,16:42,18:57,18:55
성수성수(외선),성수성수(내선),성수성수(외선),성수성수(내선)
16:46,16:48,19:03,19:01
성수성수(외선),성수성수(내선),성수성수(외선),성수성수(내선)
16:50,16:51,19:08,19:06
성수성수(외선),성수성수(내선),성수성수(외선),성수성수(내선)
16:57,16:54,19:14,19:12
성수성수(외선),성수성수(내선),성수성수(외선),성수성수(내선)
17:02,17:00,19:19,19:17
성수성수(외선),성수성수(내선),성수성수(외선),성수성수(내선)
17:08,17:06,19:25,19:23
성수성수(외선),성수성수(내선),성수성수(외선),성수성수(내선)
17:14,17:12,19:31,19:28
성수성수(외선),성수성수(내선),성수성수(외선),성수성수(내선)
17:17,17:17,19:37,19:34
신도림성수(외선),성수성수(내선),성수성수(외선),성수성수(내선)
17:20,17:20,19:43,19:39
성수성수(외선),성수성수(내선),성수성수(외선),성수성수(내선)
17:26,17:25,19:49,19:45
성수성수(외선),성수성수(내선),성수성수(외선),성수성수(내선)
17:30,17:30,19:55,19:50
성수성수(외선),성수성수(내선),성수성수(외선),성수성수(내선)
17:34,17:33,-,19:56
성수성수(외선),성수성수(내선),-,성수성수(내선)
17:38,17:36,20:01,20:01
성수성수(외선),성수성수(내선),신도림성수(외선),성수성수(내선)
17:41,17:41,20:03,20:07
성수성수(외선),성수성수(내선),성수성수,성수성수(내선)
17:45,17:43,20:07,20:12
성수성수(외선),성수성수(내선),성수성수(외선),성수성수(내선)
17:50,17:47,20:13,20:18
성수성수(외선),성수성수(내선),성수성수(외선),성수신도림
17:54,17:50,20:19,20:23
성수성수(외선),성수성수(내선),성수성수(외선),성수성수(내선)
17:58,17:53,20:25,20:29
성수성수(외선),성수성수(내선),성수성수(외선),성수성수(내선)
-,17:57,20:31,20:35
-,성수성수(내선),성수성수(외선),성수성수(내선)
18:01,18:01,20:37,20:41
성수성수(외선),성수성수(내선),성수성수(외선),성수성수(내선)
18:05,18:04,20:43,20:47
성수성수(외선),성수성수(내선),성수성수(외선),성수성수(내선)
18:09,18:07,20:49,20:52
성수성수(외선),성수성수(내선),성수성수(외선),성수신도림
18:13,18:11,20:55,20:57
신도림성수(외선),성수성수(내선),성수성수(외선),성수성수(내선)
18:16,18:15,21:01,21:02
성수성수(외선),성수성수(내선),성수성수(외선),성수성수(내선)
18:20,18:18,21:07,21:08
성수성수(외선),성수성수(내선),성수성수(외선),성수성수(내선)
18:24,18:20,21:13,21:14
성수성수(외선),성수성수(내선),성수성수(외선),성수성수(내선)
18:28,18:22,21:19,21:20
성수성수(외선),성수성수(내선),성수성수(외선),성수신도림
18:32,18:24,21:25,21:26
성수성수(외선),성수성수(내선),성수성수(외선),성수성수(내선)
18:35,18:27,21:31,21:32
성수성수(외선),성수성수(내선),성수성수(외선),성수성수(내선)
18:38,18:31,21:37,21:38
성수성수(외선),성수성수(내선),성수성수(외선),성수성수(내선)
18:44,18:36,21:43,21:45
성수성수(외선),성수성수,성수성수(외선),성수성수(내선)
18:47,18:39,21:49,21:51
성수성수(외선),성수성수(내선),성수성수(외선),성수신도림
18:50,18:42,21:55,21:58
성수성수(외선),성수성수(내선),성수성수(외선),성수성수(내선)
18:53,18:45,22:01,22:05
성수성수(외선),성수성수(내선),성수성수(외선),성수신도림
18:56,18:48,22:08,22:11
성수성수(외선),성수성수(내선),성수성수(외선),성수성수
-,18:51,22:14,22:18막
-,성수성수,성수성수(외선),성수성수(내선)
-,18:55,22:21,22:26
-,성수성수(내선),성수성수(외선),성수신도림
19:00,19:00,22:27,22:32
성수성수(외선),성수성수(내선),성수성수(외선),성수성수
19:04,19:03,22:31,22:39막
성수성수(외선),성수성수(내선),성수성수,성수성수
19:08,19:06,22:34,22:46
성수성수(외선),성수신도림,성수성수(외선),성수신도림
19:11,19:08,22:41,22:54막
성수성수(외선),성수성수(내선),성수성수(외선),성수을지로입구
19:15,19:11,22:48,-
성수성수(외선),성수성수,성수성수(외선),-
19:20,19:13,22:53,-
성수성수(외선),성수성수(내선),성수성수,-
19:24,19:17,23:03,23:02
성수성수(외선),성수성수(내선),성수성수(외선),성수신도림
19:28,19:20,23:11,23:08막
성수성수(외선),성수성수(내선),성수성수(외선),성수홍대입구
19:31,19:24,23:17,23:17막
성수성수(외선),성수성수,성수성수(외선),성수신도림
19:35,19:27,23:26,23:28막
성수성수(외선),성수성수(내선),성수성수(외선),성수서울대입구
19:39,19:31,23:35막,23:49막
성수성수(외선),성수성수(내선),성수성수(외선),성수삼성
19:43,19:34,23:41,-
성수성수(외선),성수성수(내선),성수성수,-
19:46,19:37,23:48,-
성수성수,성수성수,성수성수,-
19:49,19:41,23:54막,-
성수성수(외선),성수성수(내선),성수성수,-
19:54,19:45,-,-
성수성수(외선),성수성수(내선),-,-
19:58,19:48,-,-
성수성수(외선),성수성수,-,-
-,19:51,-,-
-,성수성수(내선),-,-
-,19:54,-,-
-,성수신도림,-,-
-,19:58,-,-
-,성수성수(내선),-,-
20:02,20:03,-,-
성수성수,성수성수,-,-
20:05,20:08,-,-
성수성수(외선),성수성수(내선),-,-
20:14,20:12,-,-
성수성수,성수신도림,-,-
20:17,20:15,-,-
성수성수(외선),성수성수(내선),-,-
20:23,20:19,-,-
성수성수(외선),성수성수(내선),-,-
20:27,20:25,-,-
성수성수(외선),성수성수(내선),-,-
20:34,20:30,-,-
성수성수(외선),성수성수(내선),-,-
20:38,20:35,-,-
성수성수(외선),성수성수(내선),-,-
20:45,20:39,-,-
성수성수(외선),성수신도림,-,-
20:50,20:43,-,-
성수성수(외선),성수성수(내선),-,-
20:54,20:47,-,-
성수성수(외선),성수성수(내선),-,-
20:58,20:52,-,-
성수성수(외선),성수성수(내선),-,-
-,20:57,-,-
-,성수성수(내선),-,-
21:02,21:01,-,-
성수성수(외선),성수성수,-,-
21:08,21:05,-,-
성수성수(외선),성수성수(내선),-,-
21:14,21:10,-,-
성수성수(외선),성수성수(내선),-,-
21:19,21:16,-,-
성수성수(외선),성수성수(내선),-,-
21:24,21:22,-,-
성수성수(외선),성수성수(내선),-,-
21:29,21:29,-,-
성수성수(외선),성수성수(내선),-,-
21:36,21:38,-,-
성수성수(외선),성수성수(내선),-,-
21:47,21:45,-,-
성수성수(외선),성수성수(내선),-,-
21:54,21:50,-,-
성수성수(외선),성수성수(내선),-,-
-,21:56,-,-
-,성수성수(내선),-,-
22:01,22:01,-,-
성수성수(외선),성수성수(내선),-,-
22:08,22:06,-,-
성수성수(외선),성수성수(내선),-,-
22:15,22:12,-,-
성수성수(외선),성수성수(내선),-,-
22:20,22:17,-,-
성수성수(외선),성수신도림,-,-
22:29,22:22,-,-
성수성수(외선),성수성수(내선),-,-
22:38,22:28,-,-
성수성수(외선),성수신도림,-,-
22:44,22:35,-,-
성수성수(외선),성수성수(내선),-,-
22:49,22:41,-,-
성수성수(외선),성수신도림,-,-
22:55,22:46,-,-
성수성수(외선),성수성수(내선),-,-
-,22:53,-,-
-,성수성수,-,-
23:00,23:00,-,-
성수성수(외선),성수성수(내선),-,-
23:08,23:09,-,-
성수성수(외선),성수성수,-,-
23:16,23:15,-,-
성수성수(외선),성수신도림,-,-
23:24,23:20막,-,-
성수성수(외선),성수성수(내선),-,-
23:31,23:26,-,-
성수성수(외선),성수신도림,-,-
23:39,23:31,-,-
성수성수(외선),성수성수,-,-
23:50,23:37막,-,-
성수성수(외선),성수성수,-,-
-,23:44,-,-
-,성수신도림,-,-
-,23:53막,-,-
-,성수을지로입구,-,-
0:00,00:05막,-,-
성수성수(외선),성수홍대입구,-,-
0:08,00:17막,-,-
성수성수,성수신도림,-,-
0:15,00:30막,-,-
성수성수(외선),성수서울대입구,-,-
0:26,00:50막,-,-
성수성수(외선),성수삼성,-,-
00:39막,-,-,-
성수성수(외선),-,-,-
00:54막,-,-,-
성수성수,-,-,-
